index,country,year,coal_electricity
0,Argentina,1985,-0.4992264879226388
1,Argentina,1986,0.01291622526654623
2,Argentina,1987,0.015873349156290163
3,Argentina,1988,0.4612151232126563
4,Argentina,1989,-0.14502577205025774
5,Argentina,1990,-0.4155154439616658
6,Argentina,1991,-0.07688104433595762
7,Argentina,1992,-0.18152187662339034
8,Argentina,1993,0.16551443847757333
9,Argentina,1994,0.85356390196585
10,Argentina,1995,0.6460555730260947
11,Argentina,1996,0.6507614640635074
12,Argentina,1997,0.63974640383283
13,Argentina,1998,0.5922212619699848
14,Argentina,1999,0.7447904137117837
15,Argentina,2000,0.5128236264286637
16,Argentina,2001,0.23901690047049992
17,Argentina,2002,-0.2744368457017603
18,Argentina,2003,-0.12783337150988489
19,Argentina,2004,0.4574248470388755
20,Argentina,2005,0.7178397931503168
21,Argentina,2006,0.6729444732424258
22,Argentina,2007,0.8372475245337022
23,Argentina,2008,0.5933268452777344
24,Argentina,2009,0.5068176023684519
25,Argentina,2010,1.0367368849500223
26,Argentina,2011,1.000631880307906
27,Argentina,2012,0.9001613499442714
28,Argentina,2013,0.7929925155296614
29,Argentina,2014,0.8671004876833833
30,Argentina,2015,0.8020015854720274
31,Argentina,2016,0.5933268452777344
32,Argentina,2017,0.636576829071551
33,Argentina,2018,0.6471032420585384
34,Argentina,2019,0.09531017980432493
35,Argentina,2020,0.43178241642553783
36,Argentina,2021,0.8020015854720274
37,Argentina,2022,0.7608058290337602
38,Australia,1985,4.492829812140387
39,Australia,1986,4.52814874302781
40,Australia,1987,4.608644144799592
41,Australia,1988,4.663420226009538
42,Australia,1989,4.732331331604771
43,Australia,1990,4.8151312285854635
44,Australia,1991,4.8459335919257045
45,Australia,1992,4.867549834952625
46,Australia,1993,4.8924296691616
47,Australia,1994,4.91920690372255
48,Australia,1995,4.9553692063244865
49,Australia,1996,5.000120203796489
50,Australia,1997,5.05926036527351
51,Australia,1998,5.111662434229809
52,Australia,1999,5.142604634018111
53,Australia,2000,5.194400253128264
54,Australia,2001,5.192289961902507
55,Australia,2002,5.146680191885077
56,Australia,2003,5.156811404253857
57,Australia,2004,5.187162317181874
58,Australia,2005,5.209376857251389
59,Australia,2006,5.224455517949582
60,Australia,2007,5.223000972238587
61,Australia,2008,5.21623925551243
62,Australia,2009,5.20411657114921
63,Australia,2010,5.170597624945666
64,Australia,2011,5.14737819098275
65,Australia,2012,5.108245856294021
66,Australia,2013,5.046324136504762
67,Australia,2014,5.0449078880383516
68,Australia,2015,5.088830141681313
69,Australia,2016,5.089816091970697
70,Australia,2017,5.069972813441763
71,Australia,2018,5.0534393230878205
72,Australia,2019,5.009568058135833
73,Australia,2020,4.962354999921024
74,Australia,2021,4.922896379788249
75,Australia,2022,4.874662829239662
76,Austria,1990,1.8229350866965048
77,Austria,1991,1.922787731634459
78,Austria,1992,1.4134230285081433
79,Austria,1993,1.091923300517313
80,Austria,1994,1.1314021114911006
81,Austria,1995,1.463255402256019
82,Austria,1996,1.6639260977181702
83,Austria,1997,1.763017000362401
84,Austria,1998,1.4182774069729414
85,Austria,1999,1.4861396960896067
86,Austria,2000,1.7439688053917064
87,Austria,2001,1.9300710850255671
88,Austria,2002,1.888583653863595
89,Austria,2003,2.1329823086078656
90,Austria,2004,2.0681277817795625
91,Austria,2005,1.969905654611529
92,Austria,2006,1.9974177062012453
93,Austria,2007,1.8870696490323797
94,Austria,2008,1.7101878155342434
95,Austria,2009,1.324418957401803
96,Austria,2010,1.5933085305042167
97,Austria,2011,1.691939133945844
98,Austria,2012,1.47932922708708
99,Austria,2013,1.43746264769429
100,Austria,2014,1.0784095813505903
101,Austria,2015,1.0818051703517284
102,Austria,2016,0.712949807856125
103,Austria,2017,0.5653138090500605
104,Austria,2018,0.5933268452777344
105,Austria,2019,0.4054651081081644
106,Austria,2020,-0.579818495252942
107,Austria,2021,-1.9661128563728327
108,Austria,2022,-1.9661128563728327
109,Bangladesh,2000,-5.0
110,Bangladesh,2001,-5.0
111,Bangladesh,2002,-5.0
112,Bangladesh,2003,-5.0
113,Bangladesh,2004,-5.0
114,Bangladesh,2005,-5.0
115,Bangladesh,2006,0.0769610411361284
116,Bangladesh,2007,0.06765864847381486
117,Bangladesh,2008,-0.040821994520255166
118,Bangladesh,2009,-0.19845093872383832
119,Bangladesh,2010,-0.31471074483970024
120,Bangladesh,2011,-0.21072103131565253
121,Bangladesh,2012,0.009950330853168092
122,Bangladesh,2013,0.131028262406404
123,Bangladesh,2014,0.0769610411361284
124,Bangladesh,2015,-0.05129329438755058
125,Bangladesh,2016,0.009950330853168092
126,Bangladesh,2017,0.34358970439007686
127,Bangladesh,2018,0.3920420877760237
128,Bangladesh,2019,0.7747271675523681
129,Bangladesh,2020,1.3110318766193438
130,Bangladesh,2021,1.5623463049002497
131,Bangladesh,2022,2.0028304393079956
132,Belarus,2000,-5.0
133,Belarus,2001,-5.0
134,Belarus,2002,-5.0
135,Belarus,2003,-5.0
136,Belarus,2004,-5.0
137,Belarus,2005,-5.0
138,Belarus,2006,-5.0
139,Belarus,2007,-4.605170185988091
140,Belarus,2008,-4.605170185988091
141,Belarus,2009,-4.605170185988091
142,Belarus,2010,-3.506557897319982
143,Belarus,2011,-3.912023005428146
144,Belarus,2012,-3.912023005428146
145,Belarus,2013,-3.912023005428146
146,Belarus,2014,-3.912023005428146
147,Belarus,2015,-3.2188758248682006
148,Belarus,2016,-3.506557897319982
149,Belarus,2017,-3.506557897319982
150,Belarus,2018,-3.912023005428146
151,Belarus,2019,-3.506557897319982
152,Belarus,2020,-3.506557897319982
153,Belarus,2021,-3.506557897319982
154,Belgium,1990,2.8384934971274993
155,Belgium,1991,2.8039662579320366
156,Belgium,1992,2.7732135270086236
157,Belgium,1993,2.791165107812717
158,Belgium,1994,2.8320361808832013
159,Belgium,1995,2.804571768092832
160,Belgium,1996,2.744060638625243
161,Belgium,1997,2.6210388241125804
162,Belgium,1998,2.6525374911719513
163,Belgium,1999,2.2965670206684825
164,Belgium,2000,2.558776498354456
165,Belgium,2001,2.2965670206684825
166,Belgium,2002,2.305580601973844
167,Belgium,2003,2.265921108622454
168,Belgium,2004,2.21375387928743
169,Belgium,2005,2.1041341542702074
170,Belgium,2006,1.9242486522741338
171,Belgium,2007,1.8671761085128091
172,Belgium,2008,1.713797927758343
173,Belgium,2009,1.6448050562713916
174,Belgium,2010,1.4350845252893227
175,Belgium,2011,1.247032293786383
176,Belgium,2012,1.220829921392359
177,Belgium,2013,1.1019400787607843
178,Belgium,2014,0.7371640659767196
179,Belgium,2015,0.7275486072772777
180,Belgium,2016,-0.941608539858445
181,Belgium,2017,-2.4079456086518722
182,Belgium,2018,-2.4079456086518722
183,Belgium,2019,-2.4079456086518722
184,Belgium,2020,-2.5257286443082556
185,Belgium,2021,-3.2188758248682006
186,Belgium,2022,-3.2188758248682006
187,Bosnia and Herzegovina,2000,1.665818245870208
188,Bosnia and Herzegovina,2001,1.6789639750827108
189,Bosnia and Herzegovina,2002,1.682688374173693
190,Bosnia and Herzegovina,2003,1.891604804197771
191,Bosnia and Herzegovina,2004,1.890095369948917
192,Bosnia and Herzegovina,2005,1.8656293177945105
193,Bosnia and Herzegovina,2006,1.986503546020567
194,Bosnia and Herzegovina,2007,2.0320878452963655
195,Bosnia and Herzegovina,2008,2.2823823856765264
196,Bosnia and Herzegovina,2009,2.21375387928743
197,Bosnia and Herzegovina,2010,2.174751721484161
198,Bosnia and Herzegovina,2011,2.359910159613315
199,Bosnia and Herzegovina,2012,2.259677591982769
200,Bosnia and Herzegovina,2013,2.295560478057081
201,Bosnia and Herzegovina,2014,2.3988039507345884
202,Bosnia and Herzegovina,2015,2.379546134130174
203,Bosnia and Herzegovina,2016,2.4865719291070616
204,Bosnia and Herzegovina,2017,2.5128460184772416
205,Bosnia and Herzegovina,2018,2.5209170873110334
206,Bosnia and Herzegovina,2019,2.3942522815198695
207,Bosnia and Herzegovina,2020,2.47232786758114
208,Bosnia and Herzegovina,2021,2.4159137783010487
209,Bosnia and Herzegovina,2022,2.3960754360813845
210,Botswana,2000,-0.11653381625595151
211,Botswana,2001,-0.05129329438755058
212,Botswana,2002,-0.1743533871447778
213,Botswana,2003,-0.3856624808119846
214,Botswana,2004,-0.3011050927839216
215,Botswana,2005,-0.21072103131565253
216,Botswana,2006,-0.2876820724517809
217,Botswana,2007,-0.5447271754416722
218,Botswana,2008,-0.5978370007556204
219,Botswana,2009,-1.3093333199837622
220,Botswana,2010,-1.1086626245216111
221,Botswana,2011,-1.6094379124341003
222,Botswana,2012,-1.8971199848858813
223,Botswana,2013,-0.4620354595965587
224,Botswana,2014,0.5766133643039938
225,Botswana,2015,0.8285518175661483
226,Botswana,2016,0.7275486072772777
227,Botswana,2017,0.8458682675776092
228,Botswana,2018,0.8878912573524571
229,Botswana,2019,0.9162907318741551
230,Botswana,2020,0.5187937934151675
231,Botswana,2021,0.5822156198526637
232,Brazil,1985,1.5983769650746755
233,Brazil,1986,1.8219653112851208
234,Brazil,1987,1.6882490928583902
235,Brazil,1988,1.5507489160854209
236,Brazil,1989,1.6954321056009614
237,Brazil,1990,1.5306111318881295
238,Brazil,1991,1.7109108813647342
239,Brazil,1992,1.6108369333478076
240,Brazil,1993,1.5910702550759155
241,Brazil,1994,1.6036210271125355
242,Brazil,1995,1.6941466403610546
243,Brazil,1996,1.7960834407081094
244,Brazil,1997,1.9892432737616872
245,Brazil,1998,1.9421889482534593
246,Brazil,1999,2.2736710828294036
247,Brazil,2000,2.333114298028869
248,Brazil,2001,2.344686269012681
249,Brazil,2002,2.152924318439639
250,Brazil,2003,2.1424163408412245
251,Brazil,2004,2.281361456542419
252,Brazil,2005,2.306577114263583
253,Brazil,2006,2.288486168614544
254,Brazil,2007,2.248128907197987
255,Brazil,2008,2.4336133554004498
256,Brazil,2009,2.2512917986064953
257,Brazil,2010,2.378619779270043
258,Brazil,2011,2.4915511925066687
259,Brazil,2012,2.6326080059353516
260,Brazil,2013,3.0473755067058295
261,Brazil,2014,3.250374491927572
262,Brazil,2015,3.2472688993694185
263,Brazil,2016,3.201933104137889
264,Brazil,2017,3.084200921541599
265,Brazil,2018,2.9927277645336923
266,Brazil,2019,2.9892110565637253
267,Brazil,2020,2.7868613815264998
268,Brazil,2021,3.2256528091472245
269,Brazil,2022,2.747270914255491
270,Bulgaria,1990,3.043569602968151
271,Bulgaria,1991,3.0339909856710814
272,Bulgaria,1992,2.87976009730157
273,Bulgaria,1993,2.8425810940598164
274,Bulgaria,1994,2.826721730819709
275,Bulgaria,1995,2.8524391037275145
276,Bulgaria,1996,2.8425810940598164
277,Bulgaria,1997,2.9386326815134183
278,Bulgaria,1998,2.9069010598473755
279,Bulgaria,1999,2.7893229212309465
280,Bulgaria,2000,2.8296776892239084
281,Bulgaria,2001,2.970414465569701
282,Bulgaria,2002,2.8437459165561094
283,Bulgaria,2003,2.9569914452375605
284,Bulgaria,2004,2.9391619220655967
285,Bulgaria,2005,2.9156062290747062
286,Bulgaria,2006,2.949164637737656
287,Bulgaria,2007,3.107720775502038
288,Bulgaria,2008,3.1432898379116057
289,Bulgaria,2009,3.0492730404820207
290,Bulgaria,2010,3.1183922862898785
291,Bulgaria,2011,3.315276319154516
292,Bulgaria,2012,3.12982600803469
293,Bulgaria,2013,2.9647574692545606
294,Bulgaria,2014,3.0591764461105257
295,Bulgaria,2015,3.114847754444153
296,Bulgaria,2016,2.9637254774189046
297,Bulgaria,2017,3.040705639196722
298,Bulgaria,2018,2.926382195419198
299,Bulgaria,2019,2.8449093838194073
300,Bulgaria,2020,2.6034301519721073
301,Bulgaria,2021,2.8384934971274993
302,Bulgaria,2022,3.062923523094314
303,Cambodia,2000,-5.0
304,Cambodia,2001,-5.0
305,Cambodia,2002,-5.0
306,Cambodia,2003,-5.0
307,Cambodia,2004,-5.0
308,Cambodia,2005,-5.0
309,Cambodia,2006,-5.0
310,Cambodia,2007,-5.0
311,Cambodia,2008,-5.0
312,Cambodia,2009,-5.0
313,Cambodia,2010,-5.0
314,Cambodia,2011,-5.0
315,Cambodia,2012,-5.0
316,Cambodia,2013,-5.0
317,Cambodia,2014,-0.2613647641344075
318,Cambodia,2015,0.5481214085096876
319,Cambodia,2016,0.7701082216960737
320,Cambodia,2017,1.1631508098056809
321,Cambodia,2018,0.9400072584914712
322,Cambodia,2019,1.2267122912954254
323,Cambodia,2020,1.2296405510745139
324,Cambodia,2021,1.3029127521808397
325,Canada,1985,4.37506495834033
326,Canada,1986,4.271472097856227
327,Canada,1987,4.433646125853473
328,Canada,1988,4.519154676594042
329,Canada,1989,4.518925787522495
330,Canada,1990,4.409398581469732
331,Canada,1991,4.482833046123148
332,Canada,1992,4.500142948120385
333,Canada,1993,4.411391243303785
334,Canada,1994,4.461888556775922
335,Canada,1995,4.517474938848931
336,Canada,1996,4.495589667519355
337,Canada,1997,4.57394780075938
338,Canada,1998,4.663382488736429
339,Canada,1999,4.665192273375934
340,Canada,2000,4.693821883582654
341,Canada,2001,4.6549122778829055
342,Canada,2002,4.645544080126364
343,Canada,2003,4.633757642840004
344,Canada,2004,4.535284058523925
345,Canada,2005,4.5975411588236
346,Canada,2006,4.5148077459077
347,Canada,2007,4.58934563564112
348,Canada,2008,4.551769409260976
349,Canada,2009,4.364880475838911
350,Canada,2010,4.343675543289958
351,Canada,2011,4.25858700561615
352,Canada,2012,4.128745988939433
353,Canada,2013,4.145829504910609
354,Canada,2014,4.116758157059
355,Canada,2015,4.082103275799747
356,Canada,2016,4.074311908471865
357,Canada,2017,4.021415382199343
358,Canada,2018,3.8467375387295166
359,Canada,2019,3.784416880823
360,Canada,2020,3.5397992310997837
361,Canada,2021,3.492256112609122
362,Canada,2022,3.605226069116683
363,Chile,2000,2.188295946591918
364,Chile,2001,1.747459210331475
365,Chile,2002,1.8594181177018698
366,Chile,2003,1.814824742159051
367,Chile,2004,2.186051276738094
368,Chile,2005,2.134166441369082
369,Chile,2006,2.4518667957098
370,Chile,2007,2.655352412101761
371,Chile,2008,2.6939512767227085
372,Chile,2009,2.725235025856311
373,Chile,2010,2.8622008809294686
374,Chile,2011,3.0535293722802077
375,Chile,2012,3.271088696315135
376,Chile,2013,3.435598808379488
377,Chile,2014,3.344979701663927
378,Chile,2015,3.3357695763397
379,Chile,2016,3.4641721808235437
380,Chile,2017,3.380654480430826
381,Chile,2018,3.377928754722801
382,Chile,2019,3.3463891451671604
383,Chile,2020,3.2962071678045244
384,Chile,2021,3.3203487937988347
385,Chile,2022,2.9528247725427144
386,China,1985,5.563159328217922
387,China,1986,5.702481628923153
388,China,1987,5.828539652864729
389,China,1988,5.923327559248122
390,China,1989,6.004035204281834
391,China,1990,6.089613874533891
392,China,1991,6.2114711834450365
393,China,1992,6.3409411450072914
394,China,1993,6.378813205523153
395,China,1994,6.541618570536546
396,China,1995,6.609195592549713
397,China,1996,6.714393805952395
398,China,1997,6.765068964796871
399,China,1998,6.793100594927243
400,China,1999,6.876970245225937
401,China,2000,6.966269440048019
402,China,2001,7.029211560004817
403,China,2002,7.156621156452128
404,China,2003,7.326445876803443
405,China,2004,7.451485557687336
406,China,2005,7.590927878394878
407,China,2006,7.741716022683283
408,China,2007,7.88484003008888
409,China,2008,7.90430161894185
410,China,2009,7.976430560564933
411,China,2010,8.081351346649356
412,China,2011,8.213617481602363
413,China,2012,8.22902833577674
414,China,2013,8.31320745170611
415,China,2014,8.34356811042071
416,China,2015,8.305526033651732
417,China,2016,8.332392564265099
418,China,2017,8.396161635025281
419,China,2018,8.468826137722942
420,China,2019,8.487803514872136
421,China,2020,8.501462104140247
422,China,2021,8.58088698086844
423,China,2022,8.593746742132014
424,Colombia,2000,0.9001613499442714
425,Colombia,2001,0.9783261227936078
426,Colombia,2002,0.959350221334602
427,Colombia,2003,1.1184149159642893
428,Colombia,2004,0.8415671856782185
429,Colombia,2005,0.9669838461896731
430,Colombia,2006,0.636576829071551
431,Colombia,2007,0.7929925155296614
432,Colombia,2008,0.636576829071551
433,Colombia,2009,1.205970806988609
434,Colombia,2010,1.2669476034873244
435,Colombia,2011,0.4054651081081644
436,Colombia,2012,0.9242589015233319
437,Colombia,2013,1.7227665977411035
438,Colombia,2014,1.6789639750827108
439,Colombia,2015,1.9430489167742813
440,Colombia,2016,1.890095369948917
441,Colombia,2017,1.1249295969854831
442,Colombia,2018,1.4609379041156563
443,Colombia,2019,2.096790180014449
444,Colombia,2020,2.2741856184723477
445,Colombia,2021,1.623340817603092
446,Colombia,2022,1.4562867329399256
447,Croatia,1990,-0.4620354595965587
448,Croatia,1991,-0.941608539858445
449,Croatia,1992,-0.4155154439616658
450,Croatia,1993,-0.7985076962177716
451,Croatia,1994,-2.3025850929940455
452,Croatia,1995,-1.4271163556401458
453,Croatia,1996,-2.120263536200091
454,Croatia,1997,-0.6733445532637656
455,Croatia,1998,-0.616186139423817
456,Croatia,1999,-0.6539264674066639
457,Croatia,2000,0.4382549309311553
458,Croatia,2001,0.494696241836107
459,Croatia,2002,0.7466879474879751
460,Croatia,2003,0.8754687373538999
461,Croatia,2004,0.7608058290337602
462,Croatia,2005,0.8458682675776092
463,Croatia,2006,0.8109302162163288
464,Croatia,2007,0.883767540168595
465,Croatia,2008,0.9122827104766164
466,Croatia,2009,0.5007752879124892
467,Croatia,2010,0.8671004876833833
468,Croatia,2011,0.9477893989335261
469,Croatia,2012,0.8064758658669485
470,Croatia,2013,0.883767540168595
471,Croatia,2014,0.8628899551470398
472,Croatia,2015,0.8372475245337022
473,Croatia,2016,0.9555114450274363
474,Croatia,2017,0.3148107398400336
475,Croatia,2018,0.371563556432483
476,Croatia,2019,0.494696241836107
477,Croatia,2020,0.19885085874516517
478,Croatia,2021,0.37843643572024505
479,Croatia,2022,0.43178241642553783
480,Czechia,1990,3.8505730431119236
481,Czechia,1991,3.8199077165203406
482,Czechia,1992,3.782142084573626
483,Czechia,1993,3.7674595542367935
484,Czechia,1994,3.743367639398006
485,Czechia,1995,3.7918872041881655
486,Czechia,1996,3.816172679771312
487,Czechia,1997,3.822754537669964
488,Czechia,1998,3.813527758679047
489,Czechia,1999,3.787592927049969
490,Czechia,2000,3.965563772356176
491,Czechia,2001,3.962525987601253
492,Czechia,2002,3.9102213834815176
493,Czechia,2003,3.927305628959303
494,Czechia,2004,3.9182038645032273
495,Czechia,2005,3.9023766283763406
496,Czechia,2006,3.9049983904911816
497,Czechia,2007,3.985087576285151
498,Czechia,2008,3.887115369721961
499,Czechia,2009,3.8273361972609523
500,Czechia,2010,3.8480176754522337
501,Czechia,2011,3.8433158074183553
502,Czechia,2012,3.783734985126615
503,Czechia,2013,3.7164946211469094
504,Czechia,2014,3.706964921660321
505,Czechia,2015,3.716980884224811
506,Czechia,2016,3.7369550773454994
507,Czechia,2017,3.7242465979512276
508,Czechia,2018,3.7184382563554808
509,Czechia,2019,3.6197972929264925
510,Czechia,2020,3.4339872044851463
511,Czechia,2021,3.5316406776874447
512,Czechia,2022,3.609294974771094
513,Denmark,1990,3.159550358783386
514,Denmark,1991,3.5097527882165007
515,Denmark,1992,3.2943542860441064
516,Denmark,1993,3.3786108829893595
517,Denmark,1994,3.5052570515869337
518,Denmark,1995,3.3090820927543496
519,Denmark,1996,3.6805952345262387
520,Denmark,1997,3.358985532852846
521,Denmark,1998,3.1633631149379418
522,Denmark,1999,2.9997242948235283
523,Denmark,2000,2.813610696762703
524,Denmark,2001,2.8803214220426634
525,Denmark,2002,2.9047128751668225
526,Denmark,2003,3.2311995745570328
527,Denmark,2004,2.9269179575536315
528,Denmark,2005,2.738256043159276
529,Denmark,2006,3.201526186533088
530,Denmark,2007,2.9902170928658807
531,Denmark,2008,2.859912550411456
532,Denmark,2009,2.872999508171694
533,Denmark,2010,2.8338014064077703
534,Denmark,2011,2.637627736805664
535,Denmark,2012,2.355177543113216
536,Denmark,2013,2.659559991941776
537,Denmark,2014,2.403334996094189
538,Denmark,2015,1.9615022438151495
539,Denmark,2016,2.182674796321488
540,Denmark,2017,1.8261608959453874
541,Denmark,2018,1.8825138324965192
542,Denmark,2019,1.1969481893889715
543,Denmark,2020,1.1184149159642893
544,Denmark,2021,1.4747630091074988
545,Denmark,2022,1.2864740258376797
546,Dominican Republic,2000,-0.9675840262617056
547,Dominican Republic,2001,-0.6733445532637656
548,Dominican Republic,2002,-0.4462871026284195
549,Dominican Republic,2003,-0.4155154439616658
550,Dominican Republic,2004,-0.4620354595965587
551,Dominican Republic,2005,-0.40047756659712525
552,Dominican Republic,2006,-0.19845093872383832
553,Dominican Republic,2007,-0.05129329438755058
554,Dominican Republic,2008,-0.19845093872383832
555,Dominican Republic,2009,-0.18632957819149348
556,Dominican Republic,2010,0.04879016416943205
557,Dominican Republic,2011,0.09531017980432493
558,Dominican Republic,2012,0.058268908123975824
559,Dominican Republic,2013,0.16551443847757333
560,Dominican Republic,2014,0.1906203596086497
561,Dominican Republic,2015,0.29266961396282004
562,Dominican Republic,2016,0.45107561936021673
563,Dominican Republic,2017,0.4382549309311553
564,Dominican Republic,2018,0.4824261492442928
565,Dominican Republic,2019,1.252762968495368
566,Dominican Republic,2020,1.1908875647772805
567,Dominican Republic,2021,1.2499017362143359
568,Estonia,1990,-5.0
569,Estonia,1991,-5.0
570,Estonia,1992,-5.0
571,Estonia,1993,-5.0
572,Estonia,1994,-5.0
573,Estonia,1995,-5.0
574,Estonia,1996,-5.0
575,Estonia,1997,-5.0
576,Estonia,1998,-5.0
577,Estonia,1999,-5.0
578,Estonia,2000,-5.0
579,Estonia,2001,-5.0
580,Estonia,2002,-5.0
581,Estonia,2003,-5.0
582,Estonia,2004,-5.0
583,Estonia,2005,-5.0
584,Estonia,2006,-5.0
585,Estonia,2007,-5.0
586,Estonia,2008,-5.0
587,Estonia,2009,-5.0
588,Estonia,2010,-5.0
589,Estonia,2011,-5.0
590,Estonia,2012,-5.0
591,Estonia,2013,-4.605170185988091
592,Estonia,2014,-4.605170185988091
593,Estonia,2015,-5.0
594,Estonia,2016,-5.0
595,Estonia,2017,-3.912023005428146
596,Estonia,2018,-5.0
597,Estonia,2019,-5.0
598,Estonia,2020,-5.0
599,Estonia,2021,-5.0
600,Estonia,2022,-5.0
601,Finland,1990,2.2679936482244267
602,Finland,1991,2.281361456542419
603,Finland,1992,2.0360119837525
604,Finland,1993,2.286455711064162
605,Finland,1994,2.637627736805664
606,Finland,1995,2.4042387467205457
607,Finland,1996,2.716018370751387
608,Finland,1997,2.552565298261815
609,Finland,1998,2.0719132752590443
610,Finland,1999,2.191653532286764
611,Finland,2000,2.138889000323256
612,Finland,2001,2.3617969526258915
613,Finland,2002,2.542389085201363
614,Finland,2003,2.9575110607337933
615,Finland,2004,2.803360380906535
616,Finland,2005,1.8718021769015913
617,Finland,2006,2.7930039069823738
618,Finland,2007,2.6311691567662523
619,Finland,2008,2.1400661634962708
620,Finland,2009,2.4096441652874536
621,Finland,2010,2.6769034721053733
622,Finland,2011,2.280339484046726
623,Finland,2012,1.9600947840472698
624,Finland,2013,2.3693087250369538
625,Finland,2014,2.0693912058263346
626,Finland,2015,1.6331544390514163
627,Finland,2016,1.9416152247724325
628,Finland,2017,1.7681496035889213
629,Finland,2018,1.7561322915849038
630,Finland,2019,1.472472057360943
631,Finland,2020,0.8919980393051105
632,Finland,2021,0.9820784724121582
633,Finland,2022,1.091923300517313
634,France,1985,3.724318989153315
635,France,1986,3.438717932409335
636,France,1987,3.314149640374989
637,France,1988,3.2208339065743625
638,France,1989,3.4784670171534557
639,France,1990,3.4490347110763153
640,France,1991,3.6790816116338254
641,France,1992,3.533102452542094
642,France,1993,3.0426158594528414
643,France,1994,3.039749158970765
644,France,1995,3.1855258451866466
645,France,1996,3.3336320621663895
646,France,1997,3.099190981922221
647,France,1998,3.512440560478137
648,France,1999,3.3769046890931107
649,France,2000,3.295836866004329
650,France,2001,3.019448800171307
651,France,2002,3.1637858585502405
652,France,2003,3.26804686887465
653,France,2004,3.193352867637115
654,France,2005,3.3145495749364833
655,France,2006,3.1307001339644756
656,France,2007,3.196630215920881
657,France,2008,3.138099514840913
658,France,2009,3.075928815548268
659,France,2010,3.151025157960026
660,France,2011,2.855895328366192
661,France,2012,3.0661907372025525
662,France,2013,3.171364842197149
663,France,2014,2.421256622711544
664,France,2015,2.4756977107026903
665,France,2016,2.325324579963535
666,France,2017,2.550226115908643
667,France,2018,2.1174596088673567
668,France,2019,1.2919836816486494
669,France,2020,1.128171090909654
670,France,2021,1.6937790608678513
671,France,2022,1.4838746894587547
672,Germany,1985,5.745819730447258
673,Germany,1986,5.753562624818227
674,Germany,1987,5.731653769715682
675,Germany,1988,5.737813462399117
676,Germany,1989,5.7465354037218495
677,Germany,1990,5.736701321413311
678,Germany,1991,5.729027780012239
679,Germany,1992,5.689243967535078
680,Germany,1993,5.681025487533585
681,Germany,1994,5.670880423313603
682,Germany,1995,5.6669109998802965
683,Germany,1996,5.690325669969591
684,Germany,1997,5.650170705207552
685,Germany,1998,5.677643817046507
686,Germany,1999,5.639315062101466
687,Germany,2000,5.692654116868358
688,Germany,2001,5.682695022325716
689,Germany,2002,5.702448251643064
690,Germany,2003,5.719097925433975
691,Germany,2004,5.6996740466116576
692,Germany,2005,5.663446473133327
693,Germany,2006,5.666184444240883
694,Germany,2007,5.694068782468562
695,Germany,2008,5.61753444260831
696,Germany,2009,5.535166564918359
697,Germany,2010,5.571735693735869
698,Germany,2011,5.57009868946814
699,Germany,2012,5.621233852021042
700,Germany,2013,5.663654683565421
701,Germany,2014,5.614623338336383
702,Germany,2015,5.6065370902173655
703,Germany,2016,5.567389849750646
704,Germany,2017,5.485875190137238
705,Germany,2018,5.430047137225931
706,Germany,2019,5.144291678908929
707,Germany,2020,4.902307417210627
708,Germany,2021,5.1029105702054265
709,Germany,2022,5.18705055411945
710,Greece,1990,3.2256528091472245
711,Greece,1991,3.1654750481410856
712,Greece,1992,3.281287084989598
713,Greece,1993,3.3246762437544124
714,Greece,1994,3.3870984572826535
715,Greece,1995,3.3568971227655755
716,Greece,1996,3.3775875160230218
717,Greece,1997,3.421979920844684
718,Greece,1998,3.479700443150099
719,Greece,1999,3.477540948249489
720,Greece,2000,3.5354368568703585
721,Greece,2001,3.5675589188773804
722,Greece,2002,3.5429862539335333
723,Greece,2003,3.5601934464858913
724,Greece,2004,3.566146688731639
725,Greece,2005,3.570658822726505
726,Greece,2006,3.4738280726970627
727,Greece,2007,3.546163151912341
728,Greece,2008,3.507357577490546
729,Greece,2009,3.5319332036512097
730,Greece,2010,3.427514689979529
731,Greece,2011,3.436242723404956
732,Greece,2012,3.4375293109095457
733,Greece,2013,3.2733640101522705
734,Greece,2014,3.248434627109745
735,Greece,2015,3.096029994869355
736,Greece,2016,2.9381031607173544
737,Greece,2017,2.9317269435780786
738,Greece,2018,2.844327819394758
739,Greece,2019,2.4948569806411682
740,Greece,2020,1.888583653863595
741,Greece,2021,1.6714733033535532
742,Greece,2022,1.7011051009599243
743,Guadeloupe,2000,-1.5606477482646683
744,Guadeloupe,2001,-1.6094379124341003
745,Guadeloupe,2002,-1.6094379124341003
746,Guadeloupe,2003,-1.6094379124341003
747,Guadeloupe,2004,-1.4271163556401458
748,Guadeloupe,2005,-1.4271163556401458
749,Guadeloupe,2006,-1.3862943611198906
750,Guadeloupe,2007,-1.3470736479666092
751,Guadeloupe,2008,-1.3470736479666092
752,Guadeloupe,2009,-1.3470736479666092
753,Guadeloupe,2010,-1.3470736479666092
754,Guadeloupe,2011,-0.9942522733438669
755,Guatemala,2000,-0.2613647641344075
756,Guatemala,2001,0.02955880224154443
757,Guatemala,2002,-0.16251892949777494
758,Guatemala,2003,0.12221763272424911
759,Guatemala,2004,0.19885085874516517
760,Guatemala,2005,0.3576744442718159
761,Guatemala,2006,0.1906203596086497
762,Guatemala,2007,0.17395330712343798
763,Guatemala,2008,0.0769610411361284
764,Guatemala,2009,-0.37106368139083207
765,Guatemala,2010,-0.040821994520255166
766,Guatemala,2011,0.058268908123975824
767,Guatemala,2012,0.20701416938432612
768,Guatemala,2013,0.45107561936021673
769,Guatemala,2014,0.6418538861723947
770,Guatemala,2015,1.075002423028976
771,Guatemala,2016,1.0438040521731147
772,Guatemala,2017,1.2029723039923526
773,Guatemala,2018,1.3937663759585917
774,Guatemala,2019,1.3454723665996355
775,Guatemala,2020,0.8712933659434193
776,Guatemala,2021,1.2947271675944
777,Honduras,2000,-5.0
778,Honduras,2001,-5.0
779,Honduras,2002,-5.0
780,Honduras,2003,-5.0
781,Honduras,2004,-5.0
782,Honduras,2005,-5.0
783,Honduras,2006,-5.0
784,Honduras,2007,-5.0
785,Honduras,2008,-5.0
786,Honduras,2009,-5.0
787,Honduras,2010,-5.0
788,Honduras,2011,-5.0
789,Honduras,2012,-5.0
790,Honduras,2013,-5.0
791,Honduras,2014,-5.0
792,Honduras,2015,-0.9675840262617056
793,Honduras,2016,-1.1086626245216111
794,Honduras,2017,-1.2729656758128873
795,Honduras,2018,-1.0216512475319814
796,Honduras,2019,-0.6931471805599453
797,Honduras,2020,-0.6733445532637656
798,Honduras,2021,-0.616186139423817
799,Hong Kong,2000,2.8587664184808337
800,Hong Kong,2001,2.9290581402859983
801,Hong Kong,2002,3.0426158594528414
802,Hong Kong,2003,3.264231526588998
803,Hong Kong,2004,3.176803048446293
804,Hong Kong,2005,3.2733640101522705
805,Hong Kong,2006,3.1354942159291497
806,Hong Kong,2007,3.3714252233284854
807,Hong Kong,2008,3.3446270301737613
808,Hong Kong,2009,3.3568971227655755
809,Hong Kong,2010,3.2422016501716975
810,Hong Kong,2011,3.3703944725071104
811,Hong Kong,2012,3.364187556028255
812,Hong Kong,2013,3.3833727967496032
813,Hong Kong,2014,3.351656936102019
814,Hong Kong,2015,3.18924101973851
815,Hong Kong,2016,3.132446096869813
816,Hong Kong,2017,3.072230244526716
817,Hong Kong,2018,3.0754672415728446
818,Hong Kong,2019,3.0591764461105257
819,Hong Kong,2020,2.4362414778067194
820,Hong Kong,2021,2.554121718809473
821,Hungary,1990,2.145931282948669
822,Hungary,1991,2.0844290831908747
823,Hungary,1992,2.209372711271867
824,Hungary,1993,2.199444334074532
825,Hungary,1994,2.166765369851511
826,Hungary,1995,2.206074192613202
827,Hungary,1996,2.262804222982201
828,Hungary,1997,2.2396452932201716
829,Hungary,1998,2.25758772706331
830,Hungary,1999,2.3204250111223765
831,Hungary,2000,2.2607208888953467
832,Hungary,2001,2.179286876649552
833,Hungary,2002,2.194999882314108
834,Hungary,2003,2.2159372862683733
835,Hungary,2004,2.1016921506146558
836,Hungary,2005,1.9487632180377197
837,Hungary,2006,1.9459101490553132
838,Hungary,2007,1.9974177062012453
839,Hungary,2008,1.9572739077056285
840,Hungary,2009,1.8468787684491346
841,Hungary,2010,1.8293763327993617
842,Hungary,2011,1.8687205103641833
843,Hungary,2012,1.8468787684491346
844,Hungary,2013,1.840549633397487
845,Hungary,2014,1.7900914121273581
846,Hungary,2015,1.7561322915849038
847,Hungary,2016,1.728109442151599
848,Hungary,2017,1.5953389880545987
849,Hungary,2018,1.541159071680806
850,Hungary,2019,1.3937663759585917
851,Hungary,2020,1.3110318766193438
852,Hungary,2021,1.1019400787607843
853,Hungary,2022,1.0647107369924282
854,India,1985,4.753926341498042
855,India,1986,4.866780320016844
856,India,1987,5.02912987673242
857,India,1988,5.103979907075496
858,India,1989,5.2202206808116145
859,India,1990,5.255582084526678
860,India,1991,5.36652726492486
861,India,1992,5.435519513702022
862,India,1993,5.5325353691304935
863,India,1994,5.578253264707848
864,India,1995,5.6913454545525175
865,India,1996,5.743752906700029
866,India,1997,5.78636656566235
867,India,1998,5.8185505996630935
868,India,1999,5.901091161258404
869,India,2000,5.966736308883025
870,India,2001,6.011977706230352
871,India,2002,6.056081190193955
872,India,2003,6.090110067565422
873,India,2004,6.137748652125133
874,India,2005,6.170614412736302
875,India,2006,6.225468905754938
876,India,2007,6.279027862508423
877,India,2008,6.351095118872347
878,India,2009,6.415276975700872
879,India,2010,6.46609806685058
880,India,2011,6.552864456836906
881,India,2012,6.668393419019953
882,India,2013,6.742845257807619
883,India,2014,6.856388297669246
884,India,2015,6.914283920944837
885,India,2016,6.978772766217417
886,India,2017,7.016824907368757
887,India,2018,7.089126384240096
888,India,2019,7.089042968185794
889,India,2020,7.04209384575394
890,India,2021,7.150018871742625
891,India,2022,7.229911239293994
892,Indonesia,1985,1.6509636592625987
893,Indonesia,1986,1.676909627549113
894,Indonesia,1987,1.8218035905764316
895,Indonesia,1988,2.024985355883777
896,Indonesia,1989,2.14112442686742
897,Indonesia,1990,2.2791117368084035
898,Indonesia,1991,2.402068371478996
899,Indonesia,1992,2.4302744541349353
900,Indonesia,1993,2.368466462107558
901,Indonesia,1994,2.5498357196514885
902,Indonesia,1995,2.6649339100285823
903,Indonesia,1996,2.8136706829658937
904,Indonesia,1997,3.0191069448704417
905,Indonesia,1998,3.1107113818776404
906,Indonesia,1999,3.270898852935353
907,Indonesia,2000,3.5263605246161616
908,Indonesia,2001,3.6299253112702656
909,Indonesia,2002,3.7595708822364693
910,Indonesia,2003,3.838591727342263
911,Indonesia,2004,3.875566468417531
912,Indonesia,2005,3.947969132201615
913,Indonesia,2006,4.071928522937768
914,Indonesia,2007,4.157319361383489
915,Indonesia,2008,4.118874559965378
916,Indonesia,2009,4.188290175064629
917,Indonesia,2010,4.226541731833486
918,Indonesia,2011,4.395559648956466
919,Indonesia,2012,4.626638092603332
920,Indonesia,2013,4.711779921046349
921,Indonesia,2014,4.7835673858898895
922,Indonesia,2015,4.825590031380704
923,Indonesia,2016,4.908085639080461
924,Indonesia,2017,4.996941966964253
925,Indonesia,2018,5.075236313280783
926,Indonesia,2019,5.161867433410139
927,Indonesia,2020,5.1977785411694235
928,Indonesia,2021,5.246813523680921
929,Indonesia,2022,5.324521032044673
930,Iran,1985,-2.430418464503931
931,Iran,1986,-2.4418471603275536
932,Iran,1987,-2.4651040224918206
933,Iran,1988,-2.430418464503931
934,Iran,1989,-2.7488721956224653
935,Iran,1990,-2.7333680090865
936,Iran,1991,-2.364460496712133
937,Iran,1992,-2.488914671185539
938,Iran,1993,-2.3434070875143007
939,Iran,1994,-2.353878387381596
940,Iran,1995,-2.396895772465287
941,Iran,1996,-2.385966701933097
942,Iran,1997,-2.3434070875143007
943,Iran,1998,-2.1892564076870427
944,Iran,1999,-0.8746690571833357
945,Iran,2000,-0.7339691750802004
946,Iran,2001,-0.7550225842780328
947,Iran,2002,-0.6539264674066639
948,Iran,2003,-0.7550225842780328
949,Iran,2004,-0.7339691750802004
950,Iran,2005,-0.5621189181535413
951,Iran,2006,-0.579818495252942
952,Iran,2007,-0.5621189181535413
953,Iran,2008,-0.941608539858445
954,Iran,2009,-0.9675840262617056
955,Iran,2010,-1.0498221244986778
956,Iran,2011,-0.843970070294529
957,Iran,2012,-0.916290731874155
958,Iran,2013,-0.7765287894989963
959,Iran,2014,-0.6348782724359695
960,Iran,2015,-0.7765287894989963
961,Iran,2016,-0.7133498878774648
962,Iran,2017,-0.37106368139083207
963,Iran,2018,-0.37106368139083207
964,Iran,2019,-0.3011050927839216
965,Iran,2020,-0.2876820724517809
966,Iran,2021,-0.2876820724517809
967,Iran,2022,-0.2876820724517809
968,Ireland,1990,1.7783364488959144
969,Ireland,1991,1.766441661243765
970,Ireland,1992,1.8961194845522977
971,Ireland,1993,1.890095369948917
972,Ireland,1994,1.8991179875485542
973,Ireland,1995,1.9487632180377197
974,Ireland,1996,1.944480556245719
975,Ireland,1997,1.9154509415706047
976,Ireland,1998,1.9080599249242156
977,Ireland,1999,1.763017000362401
978,Ireland,2000,1.9198594718553708
979,Ireland,2001,1.9544450515051506
980,Ireland,2002,1.9198594718553708
981,Ireland,2003,1.824549292051046
982,Ireland,2004,1.8293763327993617
983,Ireland,2005,1.8547342683894434
984,Ireland,2006,1.7715567619105355
985,Ireland,2007,1.6937790608678513
986,Ireland,2008,1.6370530794670737
987,Ireland,2009,1.3862943611198906
988,Ireland,2010,1.2669476034873244
989,Ireland,2011,1.3711807233098425
990,Ireland,2012,1.6134299337036377
991,Ireland,2013,1.4539530095937054
992,Ireland,2014,1.3762440252663892
993,Ireland,2015,1.5830939370944985
994,Ireland,2016,1.547562508716013
995,Ireland,2017,1.2919836816486494
996,Ireland,2018,0.7654678421395714
997,Ireland,2019,-0.6733445532637656
998,Ireland,2020,-0.40047756659712525
999,Ireland,2021,1.000631880307906
1000,Ireland,2022,0.9042181506398859
1001,Israel,2000,3.3130945001071823
1002,Israel,2001,3.432372999130605
1003,Israel,2002,3.4965075614664802
1004,Israel,2003,3.5240048109237025
1005,Israel,2004,3.535145354171894
1006,Israel,2005,3.5260663637080247
1007,Israel,2006,3.5136328109919437
1008,Israel,2007,3.5564902660681907
1009,Israel,2008,3.503453082366503
1010,Israel,2009,3.5371840908617425
1011,Israel,2010,3.5339784928959737
1012,Israel,2011,3.5601934464858913
1013,Israel,2012,3.656356262408376
1014,Israel,2013,3.4682327829983137
1015,Israel,2014,3.3968546322280186
1016,Israel,2015,3.3727979071404572
1017,Israel,2016,3.1813816204406202
1018,Israel,2017,3.091042453358316
1019,Israel,2018,3.0218872310308424
1020,Israel,2019,3.0819099697950434
1021,Israel,2020,2.9391619220655967
1022,Israel,2021,2.827905162910489
1023,Italy,1985,3.4019637545900565
1024,Italy,1986,3.4341162284192652
1025,Italy,1987,3.4975676054818488
1026,Italy,1988,3.523326514895219
1027,Italy,1989,3.461570991585584
1028,Italy,1990,3.467297183366679
1029,Italy,1991,3.349904087274605
1030,Italy,1992,3.061520014091994
1031,Italy,1993,2.8130106367386967
1032,Italy,1994,2.9887076586170265
1033,Italy,1995,3.1830413718589847
1034,Italy,1996,3.0946722214088944
1035,Italy,1997,3.0209125720842893
1036,Italy,1998,3.1488824530476656
1037,Italy,1999,3.170105660498771
1038,Italy,2000,3.26880819361641
1039,Italy,2001,3.4572626055951043
1040,Italy,2002,3.5681232529781366
1041,Italy,2003,3.658677945380815
1042,Italy,2004,3.8181517898180757
1043,Italy,2005,3.775286481854675
1044,Italy,2006,3.788951007838152
1045,Italy,2007,3.786686514116848
1046,Italy,2008,3.7628266990660193
1047,Italy,2009,3.6823582371236707
1048,Italy,2010,3.6821065698265074
1049,Italy,2011,3.8006444174447567
1050,Italy,2012,3.894673367093033
1051,Italy,2013,3.8088822465086327
1052,Italy,2014,3.7716108517114013
1053,Italy,2015,3.765840495250065
1054,Italy,2016,3.5726264972896864
1055,Italy,2017,3.4852321106052293
1056,Italy,2018,3.3488509012899463
1057,Italy,2019,2.935982269148217
1058,Italy,2020,2.5937610547000824
1059,Italy,2021,2.640484881606444
1060,Italy,2022,3.0782334950657346
1061,Japan,1985,4.598487909224169
1062,Japan,1986,4.592834412226971
1063,Japan,1987,4.675936151281414
1064,Japan,1988,4.7202651676177805
1065,Japan,1989,4.761027979296194
1066,Japan,1990,4.7815072044347895
1067,Japan,1991,4.832879299245221
1068,Japan,1992,4.88261251070968
1069,Japan,1993,4.943283931738559
1070,Japan,1994,5.05527080789974
1071,Japan,1995,5.127534976748268
1072,Japan,1996,5.184274826507361
1073,Japan,1997,5.237159790236582
1074,Japan,1998,5.258702975913944
1075,Japan,1999,5.3547591347699575
1076,Japan,2000,5.473278568935699
1077,Japan,2001,5.5369798735199165
1078,Japan,2002,5.577576565988734
1079,Japan,2003,5.676959260612326
1080,Japan,2004,5.688296517120754
1081,Japan,2005,5.765817865575654
1082,Japan,2006,5.740885562607703
1083,Japan,2007,5.7598792140080715
1084,Japan,2008,5.810242385757328
1085,Japan,2009,5.743259565198401
1086,Japan,2010,5.758428475769526
1087,Japan,2011,5.652734764145549
1088,Japan,2012,5.812038793426053
1089,Japan,2013,5.893162395817602
1090,Japan,2014,5.8738065036397495
1091,Japan,2015,5.856904053712287
1092,Japan,2016,5.844239827351457
1093,Japan,2017,5.837380531725267
1094,Japan,2018,5.843921157649903
1095,Japan,2019,5.82363743646448
1096,Japan,2020,5.801453501829647
1097,Japan,2021,5.824819469699035
1098,Japan,2022,5.853580839744596
1099,Kazakhstan,1985,4.0786893226115275
1100,Kazakhstan,1986,4.133180586007299
1101,Kazakhstan,1987,4.163186311179507
1102,Kazakhstan,1988,4.146952824992974
1103,Kazakhstan,1989,4.1571941579277105
1104,Kazakhstan,1990,4.12945427266886
1105,Kazakhstan,1991,4.128923106908514
1106,Kazakhstan,1992,4.091055826922333
1107,Kazakhstan,1993,4.013134506796558
1108,Kazakhstan,1994,3.852357923106411
1109,Kazakhstan,1995,3.871596765919878
1110,Kazakhstan,1996,3.7452834167604747
1111,Kazakhstan,1997,3.616470038595796
1112,Kazakhstan,1998,3.5797618895783976
1113,Kazakhstan,1999,3.5279768646932816
1114,Kazakhstan,2000,3.580737295494233
1115,Kazakhstan,2001,3.6656108271745818
1116,Kazakhstan,2002,3.692373343368192
1117,Kazakhstan,2003,3.8249388985210326
1118,Kazakhstan,2004,3.923160749838602
1119,Kazakhstan,2005,3.9154172384961616
1120,Kazakhstan,2006,3.8983296782961436
1121,Kazakhstan,2007,4.029806041084529
1122,Kazakhstan,2008,4.120661870539474
1123,Kazakhstan,2009,4.062337766087015
1124,Kazakhstan,2010,4.199605072879594
1125,Kazakhstan,2011,4.251633170740286
1126,Kazakhstan,2012,4.214051671586849
1127,Kazakhstan,2013,4.23410650459726
1128,Kazakhstan,2014,4.20707783220934
1129,Kazakhstan,2015,4.148674906767148
1130,Kazakhstan,2016,4.114473933517266
1131,Kazakhstan,2017,4.233236561088719
1132,Kazakhstan,2018,4.315218874092267
1133,Kazakhstan,2019,4.301629697601852
1134,Kazakhstan,2020,4.23945449739721
1135,Kazakhstan,2021,4.23830059563929
1136,Kazakhstan,2022,4.215529213226812
1137,Kosovo,2000,1.0612565021243408
1138,Kosovo,2001,1.297463147413275
1139,Kosovo,2002,1.2919836816486494
1140,Kosovo,2003,1.2669476034873244
1141,Kosovo,2004,1.3711807233098425
1142,Kosovo,2005,1.463255402256019
1143,Kosovo,2006,1.4586150226995167
1144,Kosovo,2007,1.5496879080283263
1145,Kosovo,2008,1.6193882432872684
1146,Kosovo,2009,1.5769147207285403
1147,Kosovo,2010,1.6074359097634274
1148,Kosovo,2011,1.7369512327330598
1149,Kosovo,2012,1.763017000362401
1150,Kosovo,2013,1.851599469584072
1151,Kosovo,2014,1.6620303625532709
1152,Kosovo,2015,1.7850704810772584
1153,Kosovo,2016,1.7439688053917064
1154,Kosovo,2017,1.7457155307266483
1155,Kosovo,2018,1.7227665977411035
1156,Kosovo,2019,1.7950872593207297
1157,Kosovo,2020,1.8453002361560848
1158,Kosovo,2021,1.8625285401162623
1159,Kosovo,2022,1.8625285401162623
1160,Kyrgyzstan,2000,0.7701082216960737
1161,Kyrgyzstan,2001,0.8586616190375187
1162,Kyrgyzstan,2002,0.7701082216960737
1163,Kyrgyzstan,2003,0.6626879730752367
1164,Kyrgyzstan,2004,0.7323678937132266
1165,Kyrgyzstan,2005,0.6830968447064438
1166,Kyrgyzstan,2006,0.6575200029167941
1167,Kyrgyzstan,2007,0.6780335427498971
1168,Kyrgyzstan,2008,0.45107561936021673
1169,Kyrgyzstan,2009,-0.21072103131565253
1170,Kyrgyzstan,2010,-0.07257069283483537
1171,Kyrgyzstan,2011,-0.040821994520255166
1172,Kyrgyzstan,2012,-0.07257069283483537
1173,Kyrgyzstan,2013,-0.15082288973458366
1174,Kyrgyzstan,2014,0.1823215567939546
1175,Kyrgyzstan,2015,0.5933268452777344
1176,Kyrgyzstan,2016,0.5068176023684519
1177,Kyrgyzstan,2017,0.20701416938432612
1178,Kyrgyzstan,2018,0.12221763272424911
1179,Kyrgyzstan,2019,0.12221763272424911
1180,Kyrgyzstan,2020,0.3148107398400336
1181,Kyrgyzstan,2021,0.37843643572024505
1182,Laos,2000,-5.0
1183,Laos,2001,-5.0
1184,Laos,2002,-5.0
1185,Laos,2003,-5.0
1186,Laos,2004,-5.0
1187,Laos,2005,-5.0
1188,Laos,2006,-5.0
1189,Laos,2007,-5.0
1190,Laos,2008,-5.0
1191,Laos,2009,-5.0
1192,Laos,2010,-5.0
1193,Laos,2011,-5.0
1194,Laos,2012,-5.0
1195,Laos,2013,-5.0
1196,Laos,2014,-5.0
1197,Laos,2015,0.7227059828014898
1198,Laos,2016,1.9919755158985601
1199,Laos,2017,2.3105532626432224
1200,Laos,2018,2.373043556642607
1201,Laos,2019,2.321406847234633
1202,Laos,2020,2.3174737054877963
1203,Laos,2021,2.379546134130174
1204,Madagascar,2000,-5.0
1205,Madagascar,2001,-5.0
1206,Madagascar,2002,-5.0
1207,Madagascar,2003,-5.0
1208,Madagascar,2004,-5.0
1209,Madagascar,2005,-5.0
1210,Madagascar,2006,-5.0
1211,Madagascar,2007,-5.0
1212,Madagascar,2008,-5.0
1213,Madagascar,2009,-5.0
1214,Madagascar,2010,-5.0
1215,Madagascar,2011,-1.8325814637483102
1216,Madagascar,2012,-1.4696759700589417
1217,Madagascar,2013,-1.3862943611198906
1218,Madagascar,2014,-1.3862943611198906
1219,Madagascar,2015,-1.3470736479666092
1220,Madagascar,2016,-1.3470736479666092
1221,Madagascar,2017,-1.2378743560016174
1222,Madagascar,2018,-1.3862943611198906
1223,Madagascar,2019,-1.5606477482646683
1224,Madagascar,2020,-1.3862943611198906
1225,Madagascar,2021,-1.3470736479666092
1226,Malaysia,1985,-5.0
1227,Malaysia,1986,-5.0
1228,Malaysia,1987,-5.0
1229,Malaysia,1988,-1.3586791940869172
1230,Malaysia,1989,0.7751878908961547
1231,Malaysia,1990,1.075684784024405
1232,Malaysia,1991,1.245018773761937
1233,Malaysia,1992,1.3446908112648155
1234,Malaysia,1993,1.355835153635182
1235,Malaysia,1994,1.4063420564236688
1236,Malaysia,1995,1.3797731441296253
1237,Malaysia,1996,1.4295932855150382
1238,Malaysia,1997,0.9001613499442714
1239,Malaysia,1998,1.2960960932017418
1240,Malaysia,1999,1.5089543738557782
1241,Malaysia,2000,1.3962446919730587
1242,Malaysia,2001,1.8309801823813363
1243,Malaysia,2002,2.25758772706331
1244,Malaysia,2003,2.5982353350950036
1245,Malaysia,2004,3.119276459645446
1246,Malaysia,2005,3.2280337626529665
1247,Malaysia,2006,3.282038399825841
1248,Malaysia,2007,3.4294608469350147
1249,Malaysia,2008,3.434954478460289
1250,Malaysia,2009,3.6280673147171787
1251,Malaysia,2010,3.899950424193877
1252,Malaysia,2011,3.9569963710708773
1253,Malaysia,2012,4.018542848805819
1254,Malaysia,2013,3.982667844997478
1255,Malaysia,2014,4.022311359322269
1256,Malaysia,2015,4.150567353318379
1257,Malaysia,2016,4.236278058110767
1258,Malaysia,2017,4.232220669556607
1259,Malaysia,2018,4.34756458111878
1260,Malaysia,2019,4.336113577659475
1261,Malaysia,2020,4.433432422733782
1262,Malaysia,2021,4.35619587463936
1263,Malaysia,2022,4.335851797553269
1264,Malta,1990,-0.4780358009429998
1265,Malta,1991,-0.527632742082372
1266,Malta,1992,-0.579818495252942
1267,Malta,1993,-0.5108256237659907
1268,Malta,1994,-1.0216512475319814
1269,Malta,1995,-2.4079456086518722
1270,Malta,1996,-5.0
1271,Malta,1997,-5.0
1272,Malta,1998,-5.0
1273,Malta,1999,-5.0
1274,Malta,2000,-5.0
1275,Malta,2001,-5.0
1276,Malta,2002,-5.0
1277,Malta,2003,-5.0
1278,Malta,2004,-5.0
1279,Malta,2005,-5.0
1280,Malta,2006,-5.0
1281,Malta,2007,-5.0
1282,Malta,2008,-5.0
1283,Malta,2009,-5.0
1284,Malta,2010,-5.0
1285,Malta,2011,-5.0
1286,Malta,2012,-5.0
1287,Malta,2013,-5.0
1288,Malta,2014,-5.0
1289,Malta,2015,-5.0
1290,Malta,2016,-5.0
1291,Malta,2017,-5.0
1292,Malta,2018,-5.0
1293,Malta,2019,-5.0
1294,Malta,2020,-5.0
1295,Malta,2021,-5.0
1296,Malta,2022,-5.0
1297,Mauritius,2000,-1.3470736479666092
1298,Mauritius,2001,-1.3093333199837622
1299,Mauritius,2002,-1.2729656758128873
1300,Mauritius,2003,-1.2378743560016174
1301,Mauritius,2004,-1.2039728043259361
1302,Mauritius,2005,-0.9942522733438669
1303,Mauritius,2006,-0.8675005677047231
1304,Mauritius,2007,-0.37106368139083207
1305,Mauritius,2008,-0.3285040669720361
1306,Mauritius,2009,-0.37106368139083207
1307,Mauritius,2010,-0.35667494393873245
1308,Mauritius,2011,-0.31471074483970024
1309,Mauritius,2012,-0.37106368139083207
1310,Mauritius,2013,-0.342490308946776
1311,Mauritius,2014,-0.31471074483970024
1312,Mauritius,2015,-0.31471074483970024
1313,Mauritius,2016,-0.3285040669720361
1314,Mauritius,2017,-0.3856624808119846
1315,Mauritius,2018,-0.31471074483970024
1316,Mauritius,2019,-0.2876820724517809
1317,Mauritius,2020,-0.4307829160924542
1318,Mauritius,2021,-0.3856624808119846
1319,Mexico,1985,1.3517029163502716
1320,Mexico,1986,1.8495565679542718
1321,Mexico,1987,1.989516834151849
1322,Mexico,1988,2.087037618301464
1323,Mexico,1989,2.0687596933329755
1324,Mexico,1990,2.053995520348361
1325,Mexico,1991,2.2238665082826405
1326,Mexico,1992,2.2564364369680656
1327,Mexico,1993,2.44746435431213
1328,Mexico,1994,2.6592100356827366
1329,Mexico,1995,2.7396134655583286
1330,Mexico,1996,2.9196068831644997
1331,Mexico,1997,2.9119157874608805
1332,Mexico,1998,2.9278816066458164
1333,Mexico,1999,2.923591595776309
1334,Mexico,2000,2.8524391037275145
1335,Mexico,2001,3.0587070727153796
1336,Mexico,2002,3.170945291110651
1337,Mexico,2003,3.2756341586868096
1338,Mexico,2004,3.0610517396746335
1339,Mexico,2005,3.3738261848660236
1340,Mexico,2006,3.332204510175204
1341,Mexico,2007,3.3297013799570854
1342,Mexico,2008,2.922623801733353
1343,Mexico,2009,3.2507620137305224
1344,Mexico,2010,3.402196881995239
1345,Mexico,2011,3.4464893708538624
1346,Mexico,2012,3.4657359027997265
1347,Mexico,2013,3.3968546322280186
1348,Mexico,2014,3.4442568711226023
1349,Mexico,2015,3.4493524235492026
1350,Mexico,2016,3.45883716110857
1351,Mexico,2017,3.336481066942464
1352,Mexico,2018,3.295836866004329
1353,Mexico,2019,3.3816747151732915
1354,Mexico,2020,2.9402195636237325
1355,Mexico,2021,2.645465325910589
1356,Mexico,2022,3.077312260546414
1357,Moldova,2000,1.0402767116551463
1358,Moldova,2001,1.1118575154181303
1359,Moldova,2002,1.1378330018213911
1360,Moldova,2003,1.169381359556317
1361,Moldova,2004,1.144222799920162
1362,Moldova,2005,1.172482137234565
1363,Moldova,2006,1.1908875647772805
1364,Moldova,2007,1.1568811967920856
1365,Moldova,2008,1.1755733298042381
1366,Moldova,2009,1.2119409739751128
1367,Moldova,2010,1.1908875647772805
1368,Moldova,2011,1.1410330045520618
1369,Moldova,2012,1.1600209167967532
1370,Moldova,2013,0.8796267475025636
1371,Moldova,2014,1.0681530811834012
1372,Moldova,2015,1.2029723039923526
1373,Moldova,2016,1.172482137234565
1374,Moldova,2017,0.9858167945227654
1375,Moldova,2018,1.075002423028976
1376,Moldova,2019,1.1249295969854831
1377,Moldova,2020,1.2119409739751128
1378,Moldova,2021,1.2781522025001875
1379,Moldova,2022,1.2781522025001875
1380,Mongolia,2000,1.007957920399979
1381,Mongolia,2001,1.0296194171811581
1382,Mongolia,2002,1.0647107369924282
1383,Mongolia,2003,1.0715836162801904
1384,Mongolia,2004,1.1249295969854831
1385,Mongolia,2005,1.1631508098056809
1386,Mongolia,2006,1.199964782928397
1387,Mongolia,2007,1.2412685890696329
1388,Mongolia,2008,1.3190856114264407
1389,Mongolia,2009,1.3297240096314962
1390,Mongolia,2010,1.3480731482996928
1391,Mongolia,2011,1.4279160358107101
1392,Mongolia,2012,1.4883995840570443
1393,Mongolia,2013,1.5238800240724537
1394,Mongolia,2014,1.5810384379124025
1395,Mongolia,2015,1.6034198401085373
1396,Mongolia,2016,1.6272778305624314
1397,Mongolia,2017,1.6620303625532709
1398,Mongolia,2018,1.742219023667919
1399,Mongolia,2019,1.7715567619105355
1400,Mongolia,2020,1.7984040119467235
1401,Mongolia,2021,1.8594181177018698
1402,Mongolia,2022,1.891604804197771
1403,Montenegro,2005,0.0
1404,Montenegro,2006,0.1823215567939546
1405,Montenegro,2007,-0.15082288973458366
1406,Montenegro,2008,0.25464221837358075
1407,Montenegro,2009,-0.37106368139083207
1408,Montenegro,2010,0.23901690047049992
1409,Montenegro,2011,0.371563556432483
1410,Montenegro,2012,0.3148107398400336
1411,Montenegro,2013,0.36464311358790924
1412,Montenegro,2014,0.35065687161316933
1413,Montenegro,2015,0.412109650826833
1414,Montenegro,2016,0.26236426446749106
1415,Montenegro,2017,0.3074846997479607
1416,Montenegro,2018,0.4382549309311553
1417,Montenegro,2019,0.4054651081081644
1418,Montenegro,2020,0.4824261492442928
1419,Montenegro,2021,0.36464311358790924
1420,Montenegro,2022,0.4382549309311553
1421,Morocco,2000,2.4300984132930052
1422,Morocco,2001,2.574899688314705
1423,Morocco,2002,2.5152741864043966
1424,Morocco,2003,2.540814281726296
1425,Morocco,2004,2.596000697293587
1426,Morocco,2005,2.542389085201363
1427,Morocco,2006,2.5572273113676265
1428,Morocco,2007,2.5265283244788197
1429,Morocco,2008,2.4414770918606643
1430,Morocco,2009,2.3570732782781154
1431,Morocco,2010,2.437115985951652
1432,Morocco,2011,2.4932054526026954
1433,Morocco,2012,2.514465452029545
1434,Morocco,2013,2.4874035299865875
1435,Morocco,2014,2.761274962339508
1436,Morocco,2015,2.8361502037295256
1437,Morocco,2016,2.826721730819709
1438,Morocco,2017,2.865053949911875
1439,Morocco,2018,3.055886196373738
1440,Morocco,2019,3.2913825156549485
1441,Morocco,2020,3.303584552795155
1442,Morocco,2021,3.342154841028372
1443,Myanmar,2000,-5.0
1444,Myanmar,2001,-5.0
1445,Myanmar,2002,-5.0
1446,Myanmar,2003,-5.0
1447,Myanmar,2004,-2.995732273553991
1448,Myanmar,2005,-1.5141277326297755
1449,Myanmar,2006,-1.0216512475319814
1450,Myanmar,2007,-0.9675840262617056
1451,Myanmar,2008,-1.6607312068216509
1452,Myanmar,2009,-1.5606477482646683
1453,Myanmar,2010,-1.0788096613719298
1454,Myanmar,2011,-1.5141277326297755
1455,Myanmar,2012,-1.4696759700589417
1456,Myanmar,2013,-2.0402208285265546
1457,Myanmar,2014,-2.659260036932778
1458,Myanmar,2015,-2.8134107167600364
1459,Myanmar,2016,-4.605170185988091
1460,Myanmar,2017,0.4054651081081644
1461,Myanmar,2018,0.4637340162321402
1462,Myanmar,2019,0.85015092936961
1463,Myanmar,2020,0.6471032420585384
1464,Myanmar,2021,0.7654678421395714
1465,Namibia,2000,-3.506557897319982
1466,Namibia,2001,-5.0
1467,Namibia,2002,-5.0
1468,Namibia,2003,-4.605170185988091
1469,Namibia,2004,-5.0
1470,Namibia,2005,-3.506557897319982
1471,Namibia,2006,-2.659260036932778
1472,Namibia,2007,-3.506557897319982
1473,Namibia,2008,-1.9661128563728327
1474,Namibia,2009,-2.8134107167600364
1475,Namibia,2010,-3.2188758248682006
1476,Namibia,2011,-3.912023005428146
1477,Namibia,2012,-3.912023005428146
1478,Namibia,2013,-3.2188758248682006
1479,Namibia,2014,-4.605170185988091
1480,Namibia,2015,-3.912023005428146
1481,Namibia,2016,-3.2188758248682006
1482,Namibia,2017,-3.2188758248682006
1483,Namibia,2018,-4.605170185988091
1484,Namibia,2019,-3.506557897319982
1485,Namibia,2020,-3.2188758248682006
1486,Namibia,2021,-2.995732273553991
1487,Netherlands,1985,2.6968544283414753
1488,Netherlands,1986,2.7172081388869755
1489,Netherlands,1987,2.8301498327643126
1490,Netherlands,1988,3.1025667024678176
1491,Netherlands,1989,3.0981083401708576
1492,Netherlands,1990,3.219275744889528
1493,Netherlands,1991,3.12060125559986
1494,Netherlands,1992,3.119276459645446
1495,Netherlands,1993,3.0638581026015914
1496,Netherlands,1994,3.1826266921930797
1497,Netherlands,1995,3.3105430133940246
1498,Netherlands,1996,3.2511493854184965
1499,Netherlands,1997,3.1962211343033946
1500,Netherlands,1998,3.2744997286161976
1501,Netherlands,1999,3.087399462079815
1502,Netherlands,2000,3.1896529661912973
1503,Netherlands,2001,3.2378938307039626
1504,Netherlands,2002,3.2577118486533987
1505,Netherlands,2003,3.279782759771722
1506,Netherlands,2004,3.2168738221975275
1507,Netherlands,2005,3.1570004211501135
1508,Netherlands,2006,3.167161389181522
1509,Netherlands,2007,3.2156706939192525
1510,Netherlands,2008,3.1561489949598958
1511,Netherlands,2009,3.1896529661912973
1512,Netherlands,2010,3.1175073304799117
1513,Netherlands,2011,3.062923523094314
1514,Netherlands,2012,3.1867657709499673
1515,Netherlands,2013,3.2031528644029645
1516,Netherlands,2014,3.3840512228271846
1517,Netherlands,2015,3.6735119769828146
1518,Netherlands,2016,3.6035938598315758
1519,Netherlands,2017,3.4429789156771102
1520,Netherlands,2018,3.3130945001071823
1521,Netherlands,2019,2.8741294517947424
1522,Netherlands,2020,2.0294631718735947
1523,Netherlands,2021,2.6803363625346943
1524,Netherlands,2022,2.6789646202071133
1525,New Zealand,2000,0.36464311358790924
1526,New Zealand,2001,0.6830968447064438
1527,New Zealand,2002,0.6575200029167941
1528,New Zealand,2003,1.308332819650179
1529,New Zealand,2004,1.4951487660319727
1530,New Zealand,2005,1.6992786164338898
1531,New Zealand,2006,1.6428726885203377
1532,New Zealand,2007,1.0818051703517284
1533,New Zealand,2008,1.5085119938441398
1534,New Zealand,2009,1.1249295969854831
1535,New Zealand,2010,0.6575200029167941
1536,New Zealand,2011,0.7080357930536959
1537,New Zealand,2012,1.199964782928397
1538,New Zealand,2013,0.8064758658669485
1539,New Zealand,2014,0.6043159668533296
1540,New Zealand,2015,0.5596157879354227
1541,New Zealand,2016,-0.020202707317519466
1542,New Zealand,2017,0.12221763272424911
1543,New Zealand,2018,0.3920420877760237
1544,New Zealand,2019,0.7514160886839212
1545,New Zealand,2020,0.7701082216960737
1546,New Zealand,2021,1.1410330045520618
1547,New Zealand,2022,0.43178241642553783
1548,Nigeria,2000,-0.5978370007556204
1549,Nigeria,2001,-0.5447271754416722
1550,Nigeria,2002,-0.2744368457017603
1551,Nigeria,2003,-0.31471074483970024
1552,Nigeria,2004,-0.07257069283483537
1553,Nigeria,2005,-0.19845093872383832
1554,Nigeria,2006,-0.13926206733350766
1555,Nigeria,2007,-0.2231435513142097
1556,Nigeria,2008,-0.4155154439616658
1557,Nigeria,2009,-0.4620354595965587
1558,Nigeria,2010,-0.19845093872383832
1559,Nigeria,2011,-0.15082288973458366
1560,Nigeria,2012,-0.21072103131565253
1561,Nigeria,2013,-0.3011050927839216
1562,Nigeria,2014,-0.1743533871447778
1563,Nigeria,2015,-0.37106368139083207
1564,Nigeria,2016,-0.4307829160924542
1565,Nigeria,2017,-0.3856624808119846
1566,Nigeria,2018,-0.4780358009429998
1567,Nigeria,2019,-0.527632742082372
1568,Nigeria,2020,-0.5978370007556204
1569,Nigeria,2021,-0.5621189181535413
1570,Nigeria,2022,-0.5621189181535413
1571,North Macedonia,1990,1.6409365794934714
1572,North Macedonia,1991,1.5810384379124025
1573,North Macedonia,1992,1.6409365794934714
1574,North Macedonia,1993,1.5195132049061133
1575,North Macedonia,1994,1.6505798557652755
1576,North Macedonia,1995,1.665818245870208
1577,North Macedonia,1996,1.7439688053917064
1578,North Macedonia,1997,1.7509374747078
1579,North Macedonia,1998,1.776645831418007
1580,North Macedonia,1999,1.6937790608678513
1581,North Macedonia,2000,1.6505798557652755
1582,North Macedonia,2001,1.7173950539391927
1583,North Macedonia,2002,1.6331544390514163
1584,North Macedonia,2003,1.6752256529721035
1585,North Macedonia,2004,1.6409365794934714
1586,North Macedonia,2005,1.6937790608678513
1587,North Macedonia,2006,1.631199404215613
1588,North Macedonia,2007,1.6114359150967734
1589,North Macedonia,2008,1.665818245870208
1590,North Macedonia,2009,1.667706820558076
1591,North Macedonia,2010,1.556037135706985
1592,North Macedonia,2011,1.6428726885203377
1593,North Macedonia,2012,1.5748464676644813
1594,North Macedonia,2013,1.3937663759585917
1595,North Macedonia,2014,1.3190856114264407
1596,North Macedonia,2015,1.1939224684724346
1597,North Macedonia,2016,1.0612565021243408
1598,North Macedonia,2017,1.220829921392359
1599,North Macedonia,2018,1.0473189942805592
1600,North Macedonia,2019,1.2556160374777743
1601,North Macedonia,2020,0.9669838461896731
1602,North Macedonia,2021,0.7839015438284094
1603,North Macedonia,2022,1.0543120297715298
1604,Norway,1990,-3.2188758248682006
1605,Norway,1991,-2.995732273553991
1606,Norway,1992,-2.995732273553991
1607,Norway,1993,-2.995732273553991
1608,Norway,1994,-2.8134107167600364
1609,Norway,1995,-2.8134107167600364
1610,Norway,1996,-2.995732273553991
1611,Norway,1997,-3.2188758248682006
1612,Norway,1998,-3.2188758248682006
1613,Norway,1999,-3.2188758248682006
1614,Norway,2000,-3.2188758248682006
1615,Norway,2001,-3.2188758248682006
1616,Norway,2002,-3.2188758248682006
1617,Norway,2003,-3.2188758248682006
1618,Norway,2004,-3.2188758248682006
1619,Norway,2005,-3.2188758248682006
1620,Norway,2006,-3.2188758248682006
1621,Norway,2007,-3.2188758248682006
1622,Norway,2008,-3.2188758248682006
1623,Norway,2009,-3.2188758248682006
1624,Norway,2010,-3.2188758248682006
1625,Norway,2011,-3.2188758248682006
1626,Norway,2012,-3.2188758248682006
1627,Norway,2013,-3.2188758248682006
1628,Norway,2014,-3.2188758248682006
1629,Norway,2015,-3.2188758248682006
1630,Norway,2016,-3.2188758248682006
1631,Norway,2017,-3.2188758248682006
1632,Norway,2018,-3.2188758248682006
1633,Norway,2019,-3.2188758248682006
1634,Norway,2020,-3.2188758248682006
1635,Norway,2021,-3.2188758248682006
1636,Norway,2022,-3.2188758248682006
1637,Pakistan,2000,-0.6348782724359695
1638,Pakistan,2001,-0.5978370007556204
1639,Pakistan,2002,-0.5978370007556204
1640,Pakistan,2003,-0.579818495252942
1641,Pakistan,2004,-0.4942963218147801
1642,Pakistan,2005,-0.4307829160924542
1643,Pakistan,2006,-0.3856624808119846
1644,Pakistan,2007,-0.3856624808119846
1645,Pakistan,2008,-0.4155154439616658
1646,Pakistan,2009,-0.35667494393873245
1647,Pakistan,2010,-0.4780358009429998
1648,Pakistan,2011,-0.4780358009429998
1649,Pakistan,2012,-0.5108256237659907
1650,Pakistan,2013,-0.4307829160924542
1651,Pakistan,2014,-0.5108256237659907
1652,Pakistan,2015,-0.4942963218147801
1653,Pakistan,2016,0.03922071315328133
1654,Pakistan,2017,2.4309783077624445
1655,Pakistan,2018,2.432735777459091
1656,Pakistan,2019,2.825536896557877
1657,Pakistan,2020,2.8142103969306005
1658,Pakistan,2021,2.8791984572980396
1659,Pakistan,2022,2.670694414558441
1660,Panama,2000,-5.0
1661,Panama,2001,-5.0
1662,Panama,2002,-5.0
1663,Panama,2003,-5.0
1664,Panama,2004,-5.0
1665,Panama,2005,-5.0
1666,Panama,2006,-5.0
1667,Panama,2007,-5.0
1668,Panama,2008,-5.0
1669,Panama,2009,-5.0
1670,Panama,2010,-5.0
1671,Panama,2011,-0.7550225842780328
1672,Panama,2012,-0.527632742082372
1673,Panama,2013,-0.5108256237659907
1674,Panama,2014,-0.6733445532637656
1675,Panama,2015,-0.6931471805599453
1676,Panama,2016,-0.7339691750802004
1677,Panama,2017,-1.9661128563728327
1678,Panama,2018,-1.0788096613719298
1679,Panama,2019,-0.23572233352106983
1680,Panama,2020,-0.5621189181535413
1681,Panama,2021,-2.4079456086518722
1682,Peru,2000,-1.4696759700589417
1683,Peru,2001,-1.6094379124341003
1684,Peru,2002,-1.3470736479666092
1685,Peru,2003,-1.2378743560016174
1686,Peru,2004,-0.7985076962177716
1687,Peru,2005,-0.7550225842780328
1688,Peru,2006,-1.0216512475319814
1689,Peru,2007,-0.7133498878774648
1690,Peru,2008,-0.4780358009429998
1691,Peru,2009,-0.6931471805599453
1692,Peru,2010,-0.527632742082372
1693,Peru,2011,-0.2613647641344075
1694,Peru,2012,-0.7550225842780328
1695,Peru,2013,-0.616186139423817
1696,Peru,2014,-0.5447271754416722
1697,Peru,2015,-0.6733445532637656
1698,Peru,2016,-0.579818495252942
1699,Peru,2017,-0.6733445532637656
1700,Peru,2018,-0.7339691750802004
1701,Peru,2019,-0.6931471805599453
1702,Peru,2020,-0.843970070294529
1703,Peru,2021,-0.6931471805599453
1704,Peru,2022,-0.5978370007556204
1705,Philippines,2000,2.750470916986162
1706,Philippines,2001,2.8707357833793057
1707,Philippines,2002,2.7180005319553784
1708,Philippines,2003,2.6390573296152584
1709,Philippines,2004,2.7219531062712017
1710,Philippines,2005,2.6623552418400807
1711,Philippines,2006,2.6651427000909336
1712,Philippines,2007,2.7606426512213806
1713,Philippines,2008,2.6939512767227085
1714,Philippines,2009,2.740194654428777
1715,Philippines,2010,3.086943153607375
1716,Philippines,2011,3.232384174892993
1717,Philippines,2012,3.341801171705499
1718,Philippines,2013,3.4682327829983137
1719,Philippines,2014,3.498021566297695
1720,Philippines,2015,3.6025042383671906
1721,Philippines,2016,3.768152635008444
1722,Philippines,2017,3.846951008684431
1723,Philippines,2018,3.9498966578562276
1724,Philippines,2019,4.058544658090914
1725,Philippines,2020,4.063541653067055
1726,Philippines,2021,4.129067998280486
1727,Philippines,2022,4.184642200202881
1728,Poland,1985,4.87916653468529
1729,Poland,1986,4.899934619209514
1730,Poland,1987,4.938688062782868
1731,Poland,1988,4.928774267615935
1732,Poland,1989,4.93926817774784
1733,Poland,1990,4.870299853969361
1734,Poland,1991,4.857872539543846
1735,Poland,1992,4.840874519347159
1736,Poland,1993,4.84944880983226
1737,Poland,1994,4.855072506602992
1738,Poland,1995,4.881057978557161
1739,Poland,1996,4.908824027949571
1740,Poland,1997,4.903346995532514
1741,Poland,1998,4.899554746499545
1742,Poland,1999,4.892827258127367
1743,Poland,2000,4.911845734932406
1744,Poland,2001,4.905052531521191
1745,Poland,2002,4.889897898613436
1746,Poland,2003,4.946345630879872
1747,Poland,2004,4.949610592258481
1748,Poland,2005,4.954981629905421
1749,Poland,2006,4.990500611675875
1750,Poland,2007,4.969882741609291
1751,Poland,2008,4.9336822529281275
1752,Poland,2009,4.89320219720416
1753,Poland,2010,4.916397872014886
1754,Poland,2011,4.939926665825801
1755,Poland,2012,4.90208450975345
1756,Poland,2013,4.925222638470323
1757,Poland,2014,4.86383530936938
1758,Poland,2015,4.87152647172512
1759,Poland,2016,4.86999296429379
1760,Poland,2017,4.876417951976448
1761,Poland,2018,4.871832891215797
1762,Poland,2019,4.771870361879089
1763,Poland,2020,4.676560182074764
1764,Poland,2021,4.848665233550198
1765,Poland,2022,4.82116826914143
1766,Portugal,1990,2.203869120054888
1767,Portugal,1991,2.277267285009756
1768,Portugal,1992,2.3194422100604686
1769,Portugal,1993,2.431857428698185
1770,Portugal,1994,2.448415541205585
1771,Portugal,1995,2.596000697293587
1772,Portugal,1996,2.529720665577793
1773,Portugal,1997,2.561867690924129
1774,Portugal,1998,2.4832385926873033
1775,Portugal,1999,2.711377991194885
1776,Portugal,2000,2.681021528714291
1777,Portugal,2001,2.6108048166633746
1778,Portugal,2002,2.7219531062712017
1779,Portugal,2003,2.6762154775821916
1780,Portugal,2004,2.698673039289613
1781,Portugal,2005,2.7232671669070703
1782,Portugal,2006,2.7053799725463312
1783,Portugal,2007,2.517696472610991
1784,Portugal,2008,2.4159137783010487
1785,Portugal,2009,2.5572273113676265
1786,Portugal,2010,1.9600947840472698
1787,Portugal,2011,2.2874714551839976
1788,Portugal,2012,2.5718485799218085
1789,Portugal,2013,2.4714836294558595
1790,Portugal,2014,2.4807312783775197
1791,Portugal,2015,2.689886230474539
1792,Portugal,2016,2.5360749363624
1793,Portugal,2017,2.6858045921548905
1794,Portugal,2018,2.485739636091892
1795,Portugal,2019,1.7101878155342434
1796,Portugal,2020,0.8586616190375187
1797,Portugal,2021,-0.2231435513142097
1798,Portugal,2022,-2.8134107167600364
1799,Puerto Rico,2000,-5.0
1800,Puerto Rico,2001,-5.0
1801,Puerto Rico,2002,-0.01005033585350145
1802,Puerto Rico,2003,1.0715836162801904
1803,Puerto Rico,2004,1.1378330018213911
1804,Puerto Rico,2005,1.1184149159642893
1805,Puerto Rico,2006,1.2267122912954254
1806,Puerto Rico,2007,1.1786549963416462
1807,Puerto Rico,2008,1.169381359556317
1808,Puerto Rico,2009,1.1118575154181303
1809,Puerto Rico,2010,1.0508216248317612
1810,Puerto Rico,2011,1.1505720275988207
1811,Puerto Rico,2012,1.128171090909654
1812,Puerto Rico,2013,1.184789984909162
1813,Puerto Rico,2014,1.269760544863939
1814,Puerto Rico,2015,1.1600209167967532
1815,Puerto Rico,2016,1.2612978709452054
1816,Puerto Rico,2017,0.8586616190375187
1817,Puerto Rico,2018,0.8919980393051105
1818,Puerto Rico,2019,1.1662709371419244
1819,Puerto Rico,2020,1.0260415958332743
1820,Puerto Rico,2021,1.128171090909654
1821,Romania,1990,2.917770732084279
1822,Romania,1991,2.7479117345273405
1823,Romania,1992,2.9090844668283187
1824,Romania,1993,2.949164637737656
1825,Romania,1994,2.9770590082883697
1826,Romania,1995,3.0248055210396982
1827,Romania,1996,3.018960399673198
1828,Romania,1997,2.8249439525737094
1829,Romania,1998,2.673458756332591
1830,Romania,1999,2.6864860231863696
1831,Romania,2000,2.9402195636237325
1832,Romania,2001,2.9806186357439426
1833,Romania,2002,3.011113375592293
1834,Romania,2003,3.15016862685841
1835,Romania,2004,3.067122269640664
1836,Romania,2005,3.086943153607375
1837,Romania,2006,3.224857896545748
1838,Romania,2007,3.2228678461377385
1839,Romania,2008,3.2511493854184965
1840,Romania,2009,3.0791538816930633
1841,Romania,2010,3.0291670496402285
1842,Romania,2011,3.2100368762009963
1843,Romania,2012,3.131136910560194
1844,Romania,2013,2.8296776892239084
1845,Romania,2014,2.876948737564024
1846,Romania,2015,2.8975680247667595
1847,Romania,2016,2.7650604558189897
1848,Romania,2017,2.8201877010390604
1849,Romania,2018,2.750470916986162
1850,Romania,2019,2.6108048166633746
1851,Romania,2020,2.2364452904895007
1852,Romania,2021,2.3693087250369538
1853,Romania,2022,2.331172549845958
1854,Russia,1985,4.929808390132279
1855,Russia,1986,4.970084096240607
1856,Russia,1987,5.007918273001772
1857,Russia,1988,5.020592225587706
1858,Russia,1989,5.034364841462135
1859,Russia,1990,5.055321811718661
1860,Russia,1991,5.0417204389746075
1861,Russia,1992,5.037673121997819
1862,Russia,1993,4.999857420924378
1863,Russia,1994,5.0905856898168675
1864,Russia,1995,5.077022106091444
1865,Russia,1996,5.0791098090374405
1866,Russia,1997,5.056385922919918
1867,Russia,1998,5.093584542914472
1868,Russia,1999,5.083520137580608
1869,Russia,2000,5.1043684735131025
1870,Russia,2001,5.063480716642781
1871,Russia,2002,5.072608026411095
1872,Russia,2003,5.083265985131163
1873,Russia,2004,5.014627315365793
1874,Russia,2005,5.04336059870896
1875,Russia,2006,5.120744516776286
1876,Russia,2007,5.069847153728102
1877,Russia,2008,5.216890367852308
1878,Russia,2009,5.035262863920986
1879,Russia,2010,5.047481395216918
1880,Russia,2011,5.037147388636367
1881,Russia,2012,5.065249734036134
1882,Russia,2013,5.022432103975767
1883,Russia,2014,4.999506936308412
1884,Russia,2015,5.001056227649261
1885,Russia,2016,5.079165836503364
1886,Russia,2017,5.098463004461776
1887,Russia,2018,5.1164956847957335
1888,Russia,2019,5.173094221793959
1889,Russia,2020,5.099561503290658
1890,Russia,2021,5.129425230065743
1891,Russia,2022,5.190509413913731
1892,Senegal,2000,-5.0
1893,Senegal,2001,-5.0
1894,Senegal,2002,-5.0
1895,Senegal,2003,-5.0
1896,Senegal,2004,-5.0
1897,Senegal,2005,-5.0
1898,Senegal,2006,-5.0
1899,Senegal,2007,-5.0
1900,Senegal,2008,-5.0
1901,Senegal,2009,-5.0
1902,Senegal,2010,-5.0
1903,Senegal,2011,-1.7719568419318752
1904,Senegal,2012,-1.7147984280919266
1905,Senegal,2013,-1.7147984280919266
1906,Senegal,2014,-1.6094379124341003
1907,Senegal,2015,-1.5606477482646683
1908,Senegal,2016,-1.9661128563728327
1909,Senegal,2017,-1.8971199848858813
1910,Senegal,2018,-2.0402208285265546
1911,Senegal,2019,-2.120263536200091
1912,Senegal,2020,-2.2072749131897207
1913,Senegal,2021,-0.5978370007556204
1914,Serbia,1990,3.342154841028372
1915,Serbia,1991,3.214867803470662
1916,Serbia,1992,3.175132901920282
1917,Serbia,1993,3.055415275715165
1918,Serbia,1994,3.0610517396746335
1919,Serbia,1995,3.0763901765714454
1920,Serbia,1996,2.990719731730447
1921,Serbia,1997,3.159550358783386
1922,Serbia,1998,3.1813816204406202
1923,Serbia,1999,2.942331496826876
1924,Serbia,2000,3.064791809485486
1925,Serbia,2001,3.0846584827483925
1926,Serbia,2002,3.1161784266298582
1927,Serbia,2003,3.2072080200005186
1928,Serbia,2004,3.2480462021679806
1929,Serbia,2005,3.1518809560439225
1930,Serbia,2006,3.219675505038765
1931,Serbia,2007,3.2414197893030954
1932,Serbia,2008,3.283914221047423
1933,Serbia,2009,3.2902658209548736
1934,Serbia,2010,3.219675505038765
1935,Serbia,2011,3.3572454941329726
1936,Serbia,2012,3.2703291064571163
1937,Serbia,2013,3.3558512798952784
1938,Serbia,2014,3.0969341540629585
1939,Serbia,2015,3.3017453026904953
1940,Serbia,2016,3.3046864812813115
1941,Serbia,2017,3.2756341586868096
1942,Serbia,2018,3.219675505038765
1943,Serbia,2019,3.2418107961506966
1944,Serbia,2020,3.2756341586868096
1945,Serbia,2021,3.1684242813721024
1946,Serbia,2022,3.1620938107692163
1947,Slovakia,1990,2.0149030205422647
1948,Slovakia,1991,1.7833912195575383
1949,Slovakia,1992,1.9782390361706734
1950,Slovakia,1993,1.749199854809259
1951,Slovakia,1994,1.5810384379124025
1952,Slovakia,1995,1.864080130807681
1953,Slovakia,1996,1.7732559976634952
1954,Slovakia,1997,1.8389610707123492
1955,Slovakia,1998,1.7681496035889213
1956,Slovakia,1999,1.8531680973566984
1957,Slovakia,2000,1.7191887763932197
1958,Slovakia,2001,1.7613002617433464
1959,Slovakia,2002,1.6389967146756448
1960,Slovakia,2003,1.7850704810772584
1961,Slovakia,2004,1.7369512327330598
1962,Slovakia,2005,1.7119945007591924
1963,Slovakia,2006,1.6695918352538475
1964,Slovakia,2007,1.5686159179138452
1965,Slovakia,2008,1.541159071680806
1966,Slovakia,2009,1.3506671834767394
1967,Slovakia,2010,1.269760544863939
1968,Slovakia,2011,1.2669476034873244
1969,Slovakia,2012,1.2267122912954254
1970,Slovakia,2013,1.1216775615991057
1971,Slovakia,2014,1.0543120297715298
1972,Slovakia,2015,1.0402767116551463
1973,Slovakia,2016,1.0296194171811581
1974,Slovakia,2017,1.095273387402595
1975,Slovakia,2018,1.1019400787607843
1976,Slovakia,2019,0.85015092936961
1977,Slovakia,2020,0.62057648772511
1978,Slovakia,2021,0.5306282510621704
1979,Slovakia,2022,0.43178241642553783
1980,Slovenia,1990,1.358409157630355
1981,Slovenia,1991,1.2864740258376797
1982,Slovenia,1992,1.534714366238164
1983,Slovenia,1993,1.545432582458188
1984,Slovenia,1994,1.5282278570085572
1985,Slovenia,1995,1.5260563034950492
1986,Slovenia,1996,1.4951487660319727
1987,Slovenia,1997,1.5496879080283263
1988,Slovenia,1998,1.6054298910365616
1989,Slovenia,1999,1.4996230464268938
1990,Slovenia,2000,1.5282278570085572
1991,Slovenia,2001,1.5933085305042167
1992,Slovenia,2002,1.667706820558076
1993,Slovenia,2003,1.631199404215613
1994,Slovenia,2004,1.6467336971777973
1995,Slovenia,2005,1.6620303625532709
1996,Slovenia,2006,1.691939133945844
1997,Slovenia,2007,1.7011051009599243
1998,Slovenia,2008,1.673351238177753
1999,Slovenia,2009,1.6351056591826783
2000,Slovenia,2010,1.665818245870208
2001,Slovenia,2011,1.6695918352538475
2002,Slovenia,2012,1.6370530794670737
2003,Slovenia,2013,1.5830939370944985
2004,Slovenia,2014,1.324418957401803
2005,Slovenia,2015,1.4770487243883548
2006,Slovenia,2016,1.6114359150967734
2007,Slovenia,2017,1.572773928062509
2008,Slovenia,2018,1.5303947050936475
2009,Slovenia,2019,1.4996230464268938
2010,Slovenia,2020,1.472472057360943
2011,Slovenia,2021,1.3480731482996928
2012,Slovenia,2022,1.1662709371419244
2013,South Africa,1985,4.908255516805838
2014,South Africa,1986,4.912566646548972
2015,South Africa,1987,4.9612559563981815
2016,South Africa,1988,4.963068381449519
2017,South Africa,1989,5.0003290332408525
2018,South Africa,1990,5.049381535731367
2019,South Africa,1991,5.045925214874703
2020,South Africa,1992,5.054441631033465
2021,South Africa,1993,5.111746795464668
2022,South Africa,1994,5.1322745885237016
2023,South Africa,1995,5.156471504319429
2024,South Africa,1996,5.218830337789704
2025,South Africa,1997,5.262011201968734
2026,South Africa,1998,5.233922835043461
2027,South Africa,1999,5.22929949474858
2028,South Africa,2000,5.202246897797303
2029,South Africa,2001,5.211505969561073
2030,South Africa,2002,5.240635286206952
2031,South Africa,2003,5.320078858329549
2032,South Africa,2004,5.35955356601861
2033,South Africa,2005,5.371381937405042
2034,South Africa,2006,5.408202630077279
2035,South Africa,2007,5.445659204445964
2036,South Africa,2008,5.421021606523488
2037,South Africa,2009,5.384999522683761
2038,South Africa,2010,5.423318731710839
2039,South Africa,2011,5.427413939882447
2040,South Africa,2012,5.408919122875832
2041,South Africa,2013,5.380265949195204
2042,South Africa,2014,5.3568220959206
2043,South Africa,2015,5.353184267988877
2044,South Africa,2016,5.361573816183052
2045,South Africa,2017,5.35969464622294
2046,South Africa,2018,5.361902308173147
2047,South Africa,2019,5.333443168523411
2048,South Africa,2020,5.278930652747847
2049,South Africa,2021,5.253372300504868
2050,South Africa,2022,5.1972808223702645
2051,South Korea,1985,3.209269834722966
2052,South Korea,1986,3.2186758048655335
2053,South Korea,1987,3.1633631149379418
2054,South Korea,1988,3.386422096080001
2055,South Korea,1989,3.4216207313030336
2056,South Korea,1990,3.5119035836447337
2057,South Korea,1991,3.606312730456974
2058,South Korea,1992,3.7461809132779704
2059,South Korea,1993,3.979737727096185
2060,South Korea,1994,4.175939910079648
2061,South Korea,1995,4.276749448877359
2062,South Korea,1996,4.403164154917614
2063,South Korea,1997,4.54262434481107
2064,South Korea,1998,4.634243433473799
2065,South Korea,1999,4.7104036935807345
2066,South Korea,2000,4.671145174911624
2067,South Korea,2001,4.771955003632917
2068,South Korea,2002,4.851092324191641
2069,South Korea,2003,4.851874001711314
2070,South Korea,2004,4.8977651703005165
2071,South Korea,2005,4.944353031302275
2072,South Korea,2006,4.971894465779825
2073,South Korea,2007,5.080783053998338
2074,South Korea,2008,5.1977785411694235
2075,South Korea,2009,5.283914136237293
2076,South Korea,2010,5.35950653486046
2077,South Korea,2011,5.386740246897934
2078,South Korea,2012,5.37957472085497
2079,South Korea,2013,5.383898554638242
2080,South Korea,2014,5.406454025152615
2081,South Korea,2015,5.4180540481503705
2082,South Korea,2016,5.417122102313287
2083,South Korea,2017,5.496389233433223
2084,South Korea,2018,5.501217393385187
2085,South Korea,2019,5.4475129329098895
2086,South Korea,2020,5.306583110965069
2087,South Korea,2021,5.3517159432727315
2088,South Korea,2022,5.330542513842774
2089,Spain,1985,4.000125453649692
2090,Spain,1986,4.003836168700598
2091,Spain,1987,4.002302370057867
2092,Spain,1988,3.7628499168136664
2093,Spain,1989,4.088024633477281
2094,Spain,1990,4.090001812787964
2095,Spain,1991,4.074141854904581
2096,Spain,1992,4.162314688661368
2097,Spain,1993,4.133885736842633
2098,Spain,1994,4.120174738923119
2099,Spain,1995,4.188290175064629
2100,Spain,1996,3.987872317711584
2101,Spain,1997,4.137882864236584
2102,Spain,1998,4.120337142496354
2103,Spain,1999,4.298780886070615
2104,Spain,2000,4.370586444531326
2105,Spain,2001,4.252344965204106
2106,Spain,2002,4.396668911410751
2107,Spain,2003,4.313881617942199
2108,Spain,2004,4.370712874773608
2109,Spain,2005,4.37020705786854
2110,Spain,2006,4.2008044733232275
2111,Spain,2007,4.28771595520264
2112,Spain,2008,3.8858843478184513
2113,Spain,2009,3.5810158082379915
2114,Spain,2010,3.231989464013584
2115,Spain,2011,3.783734985126615
2116,Spain,2012,4.00860510327439
2117,Spain,2013,3.6873783279876693
2118,Spain,2014,3.779862101825807
2119,Spain,2015,3.9390543444791764
2120,Spain,2016,3.5953926110204724
2121,Spain,2017,3.80954721383891
2122,Spain,2018,3.6200651381135764
2123,Spain,2019,2.554121718809473
2124,Spain,2020,1.7083778602890038
2125,Spain,2021,1.5810384379124025
2126,Spain,2022,2.030776369698555
2127,Sri Lanka,2000,-5.0
2128,Sri Lanka,2001,-5.0
2129,Sri Lanka,2002,-5.0
2130,Sri Lanka,2003,-5.0
2131,Sri Lanka,2004,-5.0
2132,Sri Lanka,2005,-5.0
2133,Sri Lanka,2006,-5.0
2134,Sri Lanka,2007,-5.0
2135,Sri Lanka,2008,-5.0
2136,Sri Lanka,2009,-5.0
2137,Sri Lanka,2010,-5.0
2138,Sri Lanka,2011,-0.01005033585350145
2139,Sri Lanka,2012,0.28517894223366247
2140,Sri Lanka,2013,0.34358970439007686
2141,Sri Lanka,2014,1.3711807233098425
2142,Sri Lanka,2015,1.4445632692438664
2143,Sri Lanka,2016,1.5706970841176697
2144,Sri Lanka,2017,1.6272778305624314
2145,Sri Lanka,2018,1.506297153514587
2146,Sri Lanka,2019,1.6639260977181702
2147,Sri Lanka,2020,1.724550719534605
2148,Sri Lanka,2021,1.9315214116032138
2149,Sweden,1990,0.0769610411361284
2150,Sweden,1991,0.6729444732424258
2151,Sweden,1992,0.5877866649021191
2152,Sweden,1993,0.7323678937132266
2153,Sweden,1994,0.959350221334602
2154,Sweden,1995,0.8197798314933114
2155,Sweden,1996,1.3056264580524357
2156,Sweden,1997,0.6981347220709843
2157,Sweden,1998,0.712949807856125
2158,Sweden,1999,0.8064758658669485
2159,Sweden,2000,0.494696241836107
2160,Sweden,2001,0.6312717768418578
2161,Sweden,2002,0.8628899551470398
2162,Sweden,2003,1.0473189942805592
2163,Sweden,2004,0.009950330853168092
2164,Sweden,2005,-0.4307829160924542
2165,Sweden,2006,-0.12783337150988489
2166,Sweden,2007,-0.4307829160924542
2167,Sweden,2008,-0.6733445532637656
2168,Sweden,2009,-0.6733445532637656
2169,Sweden,2010,0.01980262729617973
2170,Sweden,2011,-0.4155154439616658
2171,Sweden,2012,-0.7339691750802004
2172,Sweden,2013,-0.4307829160924542
2173,Sweden,2014,-0.9942522733438669
2174,Sweden,2015,-0.941608539858445
2175,Sweden,2016,-1.3470736479666092
2176,Sweden,2017,-1.1394342831883648
2177,Sweden,2018,-1.0788096613719298
2178,Sweden,2019,-1.5606477482646683
2179,Sweden,2020,-5.0
2180,Sweden,2021,-4.605170185988091
2181,Sweden,2022,-4.605170185988091
2182,Syria,2000,-5.0
2183,Syria,2001,-5.0
2184,Syria,2002,-5.0
2185,Syria,2003,-5.0
2186,Syria,2004,-5.0
2187,Syria,2005,-5.0
2188,Syria,2006,-5.0
2189,Syria,2007,-5.0
2190,Syria,2008,-5.0
2191,Syria,2009,-5.0
2192,Syria,2010,-1.2729656758128873
2193,Syria,2011,-1.4696759700589417
2194,Syria,2012,-1.6607312068216509
2195,Syria,2013,-2.0402208285265546
2196,Syria,2014,-2.2072749131897207
2197,Syria,2015,-2.2072749131897207
2198,Syria,2016,-2.3025850929940455
2199,Syria,2017,-2.2072749131897207
2200,Syria,2018,-2.3025850929940455
2201,Syria,2019,-2.4079456086518722
2202,Syria,2020,-2.4079456086518722
2203,Syria,2021,-2.4079456086518722
2204,Taiwan,1985,2.6851909069561275
2205,Taiwan,1986,3.019546451653246
2206,Taiwan,1987,3.120689512958375
2207,Taiwan,1988,3.1693914197692923
2208,Taiwan,1989,3.2781253840721614
2209,Taiwan,1990,3.233330845837785
2210,Taiwan,1991,3.3899341893834447
2211,Taiwan,1992,3.62862507624875
2212,Taiwan,1993,3.8054395200253626
2213,Taiwan,1994,3.8807387153883797
2214,Taiwan,1995,3.922864028606021
2215,Taiwan,1996,4.095477253818034
2216,Taiwan,1997,4.1860269574449545
2217,Taiwan,1998,4.25471869328323
2218,Taiwan,1999,4.301778697608901
2219,Taiwan,2000,4.47209583176275
2220,Taiwan,2001,4.562367063662782
2221,Taiwan,2002,4.6417913694437365
2222,Taiwan,2003,4.731009570827239
2223,Taiwan,2004,4.7572902340489245
2224,Taiwan,2005,4.797442073635214
2225,Taiwan,2006,4.829672813339932
2226,Taiwan,2007,4.864684238611951
2227,Taiwan,2008,4.814458191011861
2228,Taiwan,2009,4.802134019518916
2229,Taiwan,2010,4.815350070910442
2230,Taiwan,2011,4.832385436672355
2231,Taiwan,2012,4.81591721696575
2232,Taiwan,2013,4.808029393999594
2233,Taiwan,2014,4.824064723012886
2234,Taiwan,2015,4.771785712960429
2235,Taiwan,2016,4.805659046737495
2236,Taiwan,2017,4.859114486455013
2237,Taiwan,2018,4.884996482474289
2238,Taiwan,2019,4.847724130822124
2239,Taiwan,2020,4.8433205694088235
2240,Taiwan,2021,4.866379938108757
2241,Taiwan,2022,4.804348859848469
2242,Tajikistan,2000,-5.0
2243,Tajikistan,2001,-5.0
2244,Tajikistan,2002,-5.0
2245,Tajikistan,2003,-5.0
2246,Tajikistan,2004,-5.0
2247,Tajikistan,2005,-5.0
2248,Tajikistan,2006,-5.0
2249,Tajikistan,2007,-5.0
2250,Tajikistan,2008,-5.0
2251,Tajikistan,2009,-5.0
2252,Tajikistan,2010,-5.0
2253,Tajikistan,2011,-5.0
2254,Tajikistan,2012,-5.0
2255,Tajikistan,2013,-5.0
2256,Tajikistan,2014,-2.995732273553991
2257,Tajikistan,2015,-2.995732273553991
2258,Tajikistan,2016,-0.9942522733438669
2259,Tajikistan,2017,-0.4942963218147801
2260,Tajikistan,2018,-0.1743533871447778
2261,Tajikistan,2019,-0.06187540371808753
2262,Tajikistan,2020,0.06765864847381486
2263,Tajikistan,2021,0.131028262406404
2264,Thailand,1985,1.670156647468806
2265,Thailand,1986,1.7121749898852128
2266,Thailand,1987,1.9018089743720128
2267,Thailand,1988,1.9167755425443227
2268,Thailand,1989,2.063058062429312
2269,Thailand,1990,2.4027018843288186
2270,Thailand,1991,2.62358104447576
2271,Thailand,1992,2.6956401810255284
2272,Thailand,1993,2.6029859378536013
2273,Thailand,1994,2.648370965600609
2274,Thailand,1995,2.7189901411405444
2275,Thailand,1996,2.866761892257031
2276,Thailand,1997,2.9458064647842654
2277,Thailand,1998,2.808800104202353
2278,Thailand,1999,2.811388673808398
2279,Thailand,2000,2.8320361808832013
2280,Thailand,2001,2.9533465570575532
2281,Thailand,2002,2.8892600290434745
2282,Thailand,2003,2.8942531046041373
2283,Thailand,2004,2.9543893100196086
2284,Thailand,2005,2.9647574692545606
2285,Thailand,2006,3.1372318358276905
2286,Thailand,2007,3.3513066120486905
2287,Thailand,2008,3.3614165116503107
2288,Thailand,2009,3.330059353828816
2289,Thailand,2010,3.3446270301737613
2290,Thailand,2011,3.4134552790576573
2291,Thailand,2012,3.4657359027997265
2292,Thailand,2013,3.5148236417370144
2293,Thailand,2014,3.5596246182566738
2294,Thailand,2015,3.4763048541489607
2295,Thailand,2016,3.603049197508743
2296,Thailand,2017,3.6060411758049318
2297,Thailand,2018,3.6038660797869797
2298,Thailand,2019,3.602231647388264
2299,Thailand,2020,3.622739651609391
2300,Thailand,2021,3.6464937376174986
2301,Thailand,2022,3.6320445173613978
2302,Turkey,1985,2.7099151277117226
2303,Turkey,1986,2.96717846613593
2304,Turkey,1987,2.870905740607146
2305,Turkey,1988,2.524688103133008
2306,Turkey,1989,3.0091419604639085
2307,Turkey,1990,3.004692014925463
2308,Turkey,1991,3.070839746040796
2309,Turkey,1992,3.1990811975400213
2310,Turkey,1993,3.1654750481410856
2311,Turkey,1994,3.338967305126021
2312,Turkey,1995,3.3109079103146946
2313,Turkey,1996,3.391820219849558
2314,Turkey,1997,3.4937765629552486
2315,Turkey,1998,3.5562048372093953
2316,Turkey,1999,3.589611452455267
2317,Turkey,2000,3.6197972929264925
2318,Turkey,2001,3.630720539940404
2319,Turkey,2002,3.447762850809476
2320,Turkey,2003,3.4474446328274753
2321,Turkey,2004,3.5136328109919437
2322,Turkey,2005,3.742420221041966
2323,Turkey,2006,3.820126990723609
2324,Turkey,2007,3.9575698203841165
2325,Turkey,2008,4.032114485685967
2326,Turkey,2009,3.993234260852969
2327,Turkey,2010,3.9772487903458535
2328,Turkey,2011,4.168059600044382
2329,Turkey,2012,4.194642283537465
2330,Turkey,2013,4.125843229281472
2331,Turkey,2014,4.307976353163715
2332,Turkey,2015,4.306494572061445
2333,Turkey,2016,4.50413364181032
2334,Turkey,2017,4.557868912870078
2335,Turkey,2018,4.71276819658611
2336,Turkey,2019,4.711060561245524
2337,Turkey,2020,4.644583188344926
2338,Turkey,2021,4.62114195549779
2339,Turkey,2022,4.7102506624385985
2340,Ukraine,1985,4.717659233183365
2341,Ukraine,1986,4.770820208494074
2342,Ukraine,1987,4.7805510451027144
2343,Ukraine,1988,4.742764563499633
2344,Ukraine,1989,4.767705615349743
2345,Ukraine,1990,4.717873675901176
2346,Ukraine,1991,4.650908077661946
2347,Ukraine,1992,4.643813809580296
2348,Ukraine,1993,4.45213554981903
2349,Ukraine,1994,4.32267464022361
2350,Ukraine,1995,4.2284382967028
2351,Ukraine,1996,4.0040550908746395
2352,Ukraine,1997,3.9837853716550367
2353,Ukraine,1998,3.888344878073569
2354,Ukraine,1999,3.96176509732296
2355,Ukraine,2000,3.917209532115446
2356,Ukraine,2001,3.950859029213344
2357,Ukraine,2002,3.979681653901961
2358,Ukraine,2003,3.9800554158199732
2359,Ukraine,2004,3.7835075831927187
2360,Ukraine,2005,3.8334126048462345
2361,Ukraine,2006,4.123903364463645
2362,Ukraine,2007,4.22038966907276
2363,Ukraine,2008,4.2250803842111555
2364,Ukraine,2009,4.142658422500651
2365,Ukraine,2010,4.209160236650682
2366,Ukraine,2011,4.305955197722586
2367,Ukraine,2012,4.381651564343798
2368,Ukraine,2013,4.383650315789979
2369,Ukraine,2014,4.241902126579715
2370,Ukraine,2015,4.01349597435878
2371,Ukraine,2016,4.087655574071304
2372,Ukraine,2017,3.867443962030179
2373,Ukraine,2018,3.8651410195280156
2374,Ukraine,2019,3.7977338590260183
2375,Ukraine,2020,3.65402917667819
2376,Ukraine,2021,3.587123545159549
2377,Ukraine,2022,3.263849190510932
2378,United Kingdom,1985,5.177070212756734
2379,United Kingdom,1986,5.305099317044367
2380,United Kingdom,1987,5.346745560452232
2381,United Kingdom,1988,5.315046648501913
2382,United Kingdom,1989,5.298007318488104
2383,United Kingdom,1990,5.321350065658609
2384,United Kingdom,1991,5.344866927201017
2385,United Kingdom,1992,5.260719336132718
2386,United Kingdom,1993,5.134503481309822
2387,United Kingdom,1994,5.075361297657899
2388,United Kingdom,1995,5.035913101280524
2389,United Kingdom,1996,4.978249833952101
2390,United Kingdom,1997,4.785155682984498
2391,United Kingdom,1998,4.811940423184356
2392,United Kingdom,1999,4.665135767155525
2393,United Kingdom,2000,4.787074989285704
2394,United Kingdom,2001,4.87870262283543
2395,United Kingdom,2002,4.822537084524846
2396,United Kingdom,2003,4.9305814752498796
2397,United Kingdom,2004,4.881209746655798
2398,United Kingdom,2005,4.90260454988255
2399,United Kingdom,2006,5.002939087461785
2400,United Kingdom,2007,4.912213611918492
2401,United Kingdom,2008,4.823341395675743
2402,United Kingdom,2009,4.635117262356044
2403,United Kingdom,2010,4.678327706605818
2404,United Kingdom,2011,4.686197024630465
2405,United Kingdom,2012,4.961375019442204
2406,United Kingdom,2013,4.869532453118255
2407,United Kingdom,2014,4.607567310587813
2408,United Kingdom,2015,4.3291531450668135
2409,United Kingdom,2016,3.4232849781261603
2410,United Kingdom,2017,3.114847754444153
2411,United Kingdom,2018,2.8231630082027146
2412,United Kingdom,2019,1.9344157696295783
2413,United Kingdom,2020,1.7029282555214393
2414,United Kingdom,2021,1.873339456220478
2415,United Kingdom,2022,1.7173950539391927
2416,United States,1985,7.318317375348145
2417,United States,1986,7.3066260253347695
2418,United States,1987,7.361348745012695
2419,United States,1988,7.412532246453874
2420,United States,1989,7.445092153296452
2421,United States,1990,7.453072180501199
2422,United States,1991,7.451552902524277
2423,United States,1992,7.471648192674701
2424,United States,1993,7.512732775610267
2425,United States,1994,7.513312005828976
2426,United States,1995,7.524565003936076
2427,United States,1996,7.5734048415999435
2428,United States,1997,7.600023573434811
2429,United States,1998,7.615318546620178
2430,United States,1999,7.6196569887556995
2431,United States,2000,7.583893625967292
2432,United States,2001,7.55169120672727
2433,United States,2002,7.566895729921602
2434,United States,2003,7.5876854990592335
2435,United States,2004,7.589993169034046
2436,United States,2005,7.607316843325884
2437,United States,2006,7.596146166291104
2438,United States,2007,7.609098777766568
2439,United States,2008,7.5937771345994936
2440,United States,2009,7.470736824965285
2441,United States,2010,7.521474979244034
2442,United States,2011,7.4578573835771325
2443,United States,2012,7.32253685372765
2444,United States,2013,7.365882411006743
2445,United States,2014,7.366261819260894
2446,United States,2015,7.209636070833731
2447,United States,2016,7.122180939676624
2448,United States,2017,7.094931698502274
2449,United States,2018,7.047073644730859
2450,United States,2019,6.872086649702677
2451,United States,2020,6.65078344916977
2452,United States,2021,6.8001700683022
2453,United States,2022,6.723243325018873
2454,Uzbekistan,2000,2.280339484046726
2455,Uzbekistan,2001,2.2945529212967815
2456,Uzbekistan,2002,2.33214389523559
2457,Uzbekistan,2003,2.299580583973747
2458,Uzbekistan,2004,2.2793164660546914
2459,Uzbekistan,2005,2.194999882314108
2460,Uzbekistan,2006,2.2235418856535927
2461,Uzbekistan,2007,2.2428350885882717
2462,Uzbekistan,2008,2.130609828254235
2463,Uzbekistan,2009,2.196112848483529
2464,Uzbekistan,2010,2.2710944259026746
2465,Uzbekistan,2011,2.344686269012681
2466,Uzbekistan,2012,2.285438934159075
2467,Uzbekistan,2013,2.3389170222414357
2468,Uzbekistan,2014,2.355177543113216
2469,Uzbekistan,2015,2.340843805111136
2470,Uzbekistan,2016,2.300583090323373
2471,Uzbekistan,2017,2.2834022735772717
2472,Uzbekistan,2018,2.3589654264301534
2473,Uzbekistan,2019,2.3243465847755584
2474,Uzbekistan,2020,2.166765369851511
2475,Uzbekistan,2021,2.21046980408624
2476,Vietnam,1985,0.8346467428336447
2477,Vietnam,1986,0.9771976667776765
2478,Vietnam,1987,1.1200475693881746
2479,Vietnam,1988,1.235471471385307
2480,Vietnam,1989,1.002835333274341
2481,Vietnam,1990,0.6936470556015963
2482,Vietnam,1991,0.3118867611485984
2483,Vietnam,1992,-0.16134315040876293
2484,Vietnam,1993,-0.45098562340997367
2485,Vietnam,1994,0.06859279146561167
2486,Vietnam,1995,0.7045815581856085
2487,Vietnam,1996,0.8654184015003984
2488,Vietnam,1997,1.2014696741078175
2489,Vietnam,1998,1.247032293786383
2490,Vietnam,1999,1.0698698198024557
2491,Vietnam,2000,1.1410330045520618
2492,Vietnam,2001,1.169381359556317
2493,Vietnam,2002,1.5851452198650557
2494,Vietnam,2003,1.979621206397625
2495,Vietnam,2004,1.969905654611529
2496,Vietnam,2005,2.3988039507345884
2497,Vietnam,2006,2.503891949699081
2498,Vietnam,2007,2.514465452029545
2499,Vietnam,2008,2.5087859235779435
2500,Vietnam,2009,2.5217206229107165
2501,Vietnam,2010,2.7650604558189897
2502,Vietnam,2011,2.9927277645336923
2503,Vietnam,2012,3.056356895370426
2504,Vietnam,2013,3.1788868166518376
2505,Vietnam,2014,3.5516268606875596
2506,Vietnam,2015,3.9648051908671156
2507,Vietnam,2016,4.158414223462046
2508,Vietnam,2017,4.136925009757219
2509,Vietnam,2018,4.429029488269218
2510,Vietnam,2019,4.711150509525323
2511,Vietnam,2020,4.742842991113164
2512,Vietnam,2021,4.737600973168581
2513,Vietnam,2022,4.612939923252452
2514,Zambia,2000,-5.0
2515,Zambia,2001,-5.0
2516,Zambia,2002,-5.0
2517,Zambia,2003,-5.0
2518,Zambia,2004,-5.0
2519,Zambia,2005,-5.0
2520,Zambia,2006,-5.0
2521,Zambia,2007,-5.0
2522,Zambia,2008,-5.0
2523,Zambia,2009,-5.0
2524,Zambia,2010,-5.0
2525,Zambia,2011,-5.0
2526,Zambia,2012,-5.0
2527,Zambia,2013,-5.0
2528,Zambia,2014,-5.0
2529,Zambia,2015,-2.8134107167600364
2530,Zambia,2016,-0.7765287894989963
2531,Zambia,2017,0.11332868530700327
2532,Zambia,2018,0.34358970439007686
2533,Zambia,2019,0.25464221837358075
2534,Zambia,2020,0.23111172096338664
2535,Zambia,2021,-0.13926206733350766
2536,Zimbabwe,2000,1.1939224684724346
2537,Zimbabwe,2001,1.4655675420143985
2538,Zimbabwe,2002,1.415853163361435
2539,Zimbabwe,2003,1.091923300517313
2540,Zimbabwe,2004,1.2892326482767593
2541,Zimbabwe,2005,1.3454723665996355
2542,Zimbabwe,2006,0.8020015854720274
2543,Zimbabwe,2007,0.62057648772511
2544,Zimbabwe,2008,0.47000362924573563
2545,Zimbabwe,2009,0.45107561936021673
2546,Zimbabwe,2010,0.9122827104766164
2547,Zimbabwe,2011,1.220829921392359
2548,Zimbabwe,2012,1.169381359556317
2549,Zimbabwe,2013,1.3506671834767394
2550,Zimbabwe,2014,1.355835153635182
2551,Zimbabwe,2015,1.3812818192963463
2552,Zimbabwe,2016,1.2412685890696329
2553,Zimbabwe,2017,1.1052568313867783
2554,Zimbabwe,2018,1.3056264580524357
2555,Zimbabwe,2019,1.2864740258376797
2556,Zimbabwe,2020,1.2119409739751128
2557,Zimbabwe,2021,1.2725655957915476
